,Node.Num.Genome.1,Node.Num.Genome.2,Parent.1.ID,Parent.2.ID,Subpopulation.ID,Gens.Ago.Born
30000,6000,6001,29049,29054,1,0
30001,6002,6003,29044,29073,1,0
30002,6004,6005,29027,29070,1,0
30003,6006,6007,29037,29080,1,0
30004,6008,6009,29001,29060,1,0
30005,6010,6011,29037,29090,1,0
30006,6012,6013,29003,29054,1,0
30007,6014,6015,29034,29054,1,0
30008,6016,6017,29040,29080,1,0
30009,6018,6019,29016,29061,1,0
30010,6020,6021,29028,29078,1,0
30011,6022,6023,29018,29094,1,0
30012,6024,6025,29020,29057,1,0
30013,6026,6027,29035,29092,1,0
30014,6028,6029,29042,29054,1,0
30015,6030,6031,29042,29062,1,0
30016,6032,6033,29009,29051,1,0
30017,6034,6035,29015,29092,1,0
30018,6036,6037,29038,29071,1,0
30019,6038,6039,29017,29062,1,0
30020,6040,6041,29042,29063,1,0
30021,6042,6043,29022,29093,1,0
30022,6044,6045,29016,29070,1,0
30023,6046,6047,29008,29062,1,0
30024,6048,6049,29028,29067,1,0
30025,6050,6051,29029,29058,1,0
30026,6052,6053,29034,29059,1,0
30027,6054,6055,29046,29072,1,0
30028,6056,6057,29011,29078,1,0
30029,6058,6059,29045,29055,1,0
30030,6060,6061,29041,29077,1,0
30031,6062,6063,29037,29079,1,0
30032,6064,6065,29046,29080,1,0
30033,6066,6067,29018,29072,1,0
30034,6068,6069,29005,29079,1,0
30035,6070,6071,29016,29055,1,0
30036,6072,6073,29035,29085,1,0
30037,6074,6075,29025,29076,1,0
30038,6076,6077,29001,29067,1,0
30039,6078,6079,29010,29089,1,0
30040,6080,6081,29041,29057,1,0
30041,6082,6083,29046,29085,1,0
30042,6084,6085,29030,29065,1,0
30043,6086,6087,29022,29076,1,0
30044,6088,6089,29016,29050,1,0
30045,6090,6091,29035,29057,1,0
30046,6092,6093,29011,29075,1,0
30047,6094,6095,29026,29080,1,0
30048,6096,6097,29020,29089,1,0
30049,6098,6099,29001,29067,1,0
30050,6100,6101,29048,29053,1,0
30051,6102,6103,29029,29094,1,0
30052,6104,6105,29044,29099,1,0
30053,6106,6107,29021,29066,1,0
30054,6108,6109,29043,29099,1,0
30055,6110,6111,29000,29096,1,0
30056,6112,6113,29001,29082,1,0
30057,6114,6115,29007,29073,1,0
30058,6116,6117,29007,29077,1,0
30059,6118,6119,29032,29070,1,0
30060,6120,6121,29025,29070,1,0
30061,6122,6123,29037,29089,1,0
30062,6124,6125,29033,29061,1,0
30063,6126,6127,29018,29084,1,0
30064,6128,6129,29031,29069,1,0
30065,6130,6131,29037,29080,1,0
30066,6132,6133,29017,29061,1,0
30067,6134,6135,29043,29056,1,0
30068,6136,6137,29037,29066,1,0
30069,6138,6139,29022,29053,1,0
30070,6140,6141,29011,29053,1,0
30071,6142,6143,29041,29081,1,0
30072,6144,6145,29013,29063,1,0
30073,6146,6147,29028,29085,1,0
30074,6148,6149,29031,29093,1,0
30075,6150,6151,29010,29099,1,0
30076,6152,6153,29040,29070,1,0
30077,6154,6155,29012,29056,1,0
30078,6156,6157,29032,29098,1,0
30079,6158,6159,29023,29055,1,0
30080,6160,6161,29020,29091,1,0
30081,6162,6163,29030,29054,1,0
30082,6164,6165,29039,29070,1,0
30083,6166,6167,29044,29092,1,0
30084,6168,6169,29046,29096,1,0
30085,6170,6171,29036,29061,1,0
30086,6172,6173,29013,29054,1,0
30087,6174,6175,29006,29068,1,0
30088,6176,6177,29034,29058,1,0
30089,6178,6179,29027,29064,1,0
30090,6180,6181,29034,29062,1,0
30091,6182,6183,29030,29074,1,0
30092,6184,6185,29003,29063,1,0
30093,6186,6187,29011,29062,1,0
30094,6188,6189,29007,29086,1,0
30095,6190,6191,29026,29083,1,0
30096,6192,6193,29017,29097,1,0
30097,6194,6195,29013,29066,1,0
30098,6196,6197,29004,29089,1,0
30099,6198,6199,29024,29088,1,0
30100,6200,6201,29036,29099,2,0
30101,6202,6203,29009,29090,2,0
30102,6204,6205,29003,29061,2,0
30103,6206,6207,29036,29097,2,0
30104,6208,6209,29031,29066,2,0
30105,6210,6211,29019,29068,2,0
30106,6212,6213,29011,29073,2,0
30107,6214,6215,29351,29702,2,0
30108,6216,6217,29179,29843,2,0
30109,6218,6219,29444,29966,2,0
30110,6220,6221,29180,29688,2,0
30111,6222,6223,29201,29731,2,0
30112,6224,6225,29286,29944,2,0
30113,6226,6227,29174,29710,2,0
30114,6228,6229,29360,29845,2,0
30115,6230,6231,29178,29603,2,0
30116,6232,6233,29126,29869,2,0
30117,6234,6235,29333,29829,2,0
30118,6236,6237,29210,29988,2,0
30119,6238,6239,29305,29819,2,0
30120,6240,6241,29468,29706,2,0
30121,6242,6243,29258,29698,2,0
30122,6244,6245,29251,29885,2,0
30123,6246,6247,29342,29667,2,0
30124,6248,6249,29349,29651,2,0
30125,6250,6251,29225,29817,2,0
30126,6252,6253,29245,29634,2,0
30127,6254,6255,29467,29895,2,0
30128,6256,6257,29272,29827,2,0
30129,6258,6259,29135,29839,2,0
30130,6260,6261,29367,29554,2,0
30131,6262,6263,29502,29761,2,0
30132,6264,6265,29538,29816,2,0
30133,6266,6267,29509,29982,2,0
30134,6268,6269,29342,29635,2,0
30135,6270,6271,29226,29640,2,0
30136,6272,6273,29250,29685,2,0
30137,6274,6275,29462,29691,2,0
30138,6276,6277,29129,29725,2,0
30139,6278,6279,29101,29675,2,0
30140,6280,6281,29400,29696,2,0
30141,6282,6283,29370,29650,2,0
30142,6284,6285,29379,29711,2,0
30143,6286,6287,29260,29948,2,0
30144,6288,6289,29129,29576,2,0
30145,6290,6291,29132,29691,2,0
30146,6292,6293,29291,29767,2,0
30147,6294,6295,29259,29690,2,0
30148,6296,6297,29302,29791,2,0
30149,6298,6299,29415,29990,2,0
30150,6300,6301,29135,29594,2,0
30151,6302,6303,29183,29587,2,0
30152,6304,6305,29102,29813,2,0
30153,6306,6307,29418,29793,2,0
30154,6308,6309,29382,29679,2,0
30155,6310,6311,29468,29564,2,0
30156,6312,6313,29483,29810,2,0
30157,6314,6315,29330,29602,2,0
30158,6316,6317,29112,29785,2,0
30159,6318,6319,29128,29557,2,0
30160,6320,6321,29444,29802,2,0
30161,6322,6323,29268,29838,2,0
30162,6324,6325,29417,29956,2,0
30163,6326,6327,29332,29780,2,0
30164,6328,6329,29244,29848,2,0
30165,6330,6331,29433,29852,2,0
30166,6332,6333,29327,29701,2,0
30167,6334,6335,29482,29842,2,0
30168,6336,6337,29498,29986,2,0
30169,6338,6339,29206,29862,2,0
30170,6340,6341,29549,29991,2,0
30171,6342,6343,29366,29747,2,0
30172,6344,6345,29541,29723,2,0
30173,6346,6347,29468,29839,2,0
30174,6348,6349,29413,29729,2,0
30175,6350,6351,29214,29650,2,0
30176,6352,6353,29518,29858,2,0
30177,6354,6355,29421,29656,2,0
30178,6356,6357,29509,29748,2,0
30179,6358,6359,29419,29767,2,0
30180,6360,6361,29244,29799,2,0
30181,6362,6363,29153,29919,2,0
30182,6364,6365,29495,29682,2,0
30183,6366,6367,29226,29844,2,0
30184,6368,6369,29291,29994,2,0
30185,6370,6371,29438,29960,2,0
30186,6372,6373,29479,29579,2,0
30187,6374,6375,29384,29717,2,0
30188,6376,6377,29317,29723,2,0
30189,6378,6379,29317,29670,2,0
30190,6380,6381,29461,29907,2,0
30191,6382,6383,29133,29564,2,0
30192,6384,6385,29352,29724,2,0
30193,6386,6387,29268,29673,2,0
30194,6388,6389,29176,29818,2,0
30195,6390,6391,29345,29746,2,0
30196,6392,6393,29167,29700,2,0
30197,6394,6395,29127,29578,2,0
30198,6396,6397,29216,29970,2,0
30199,6398,6399,29171,29776,2,0
30200,6400,6401,29191,29885,2,0
30201,6402,6403,29345,29901,2,0
30202,6404,6405,29238,29682,2,0
30203,6406,6407,29113,29962,2,0
30204,6408,6409,29165,29701,2,0
30205,6410,6411,29187,29964,2,0
30206,6412,6413,29424,29592,2,0
30207,6414,6415,29331,29910,2,0
30208,6416,6417,29147,29858,2,0
30209,6418,6419,29358,29657,2,0
30210,6420,6421,29452,29769,2,0
30211,6422,6423,29139,29934,2,0
30212,6424,6425,29266,29801,2,0
30213,6426,6427,29377,29673,2,0
30214,6428,6429,29458,29610,2,0
30215,6430,6431,29348,29629,2,0
30216,6432,6433,29198,29929,2,0
30217,6434,6435,29143,29813,2,0
30218,6436,6437,29184,29616,2,0
30219,6438,6439,29259,29971,2,0
30220,6440,6441,29226,29701,2,0
30221,6442,6443,29381,29558,2,0
30222,6444,6445,29537,29602,2,0
30223,6446,6447,29419,29576,2,0
30224,6448,6449,29307,29756,2,0
30225,6450,6451,29508,29970,2,0
30226,6452,6453,29290,29782,2,0
30227,6454,6455,29370,29717,2,0
30228,6456,6457,29425,29808,2,0
30229,6458,6459,29389,29824,2,0
30230,6460,6461,29335,29881,2,0
30231,6462,6463,29345,29963,2,0
30232,6464,6465,29516,29594,2,0
30233,6466,6467,29148,29974,2,0
30234,6468,6469,29139,29699,2,0
30235,6470,6471,29129,29692,2,0
30236,6472,6473,29529,29955,2,0
30237,6474,6475,29332,29690,2,0
30238,6476,6477,29252,29856,2,0
30239,6478,6479,29316,29730,2,0
30240,6480,6481,29150,29917,2,0
30241,6482,6483,29354,29688,2,0
30242,6484,6485,29422,29917,2,0
30243,6486,6487,29499,29868,2,0
30244,6488,6489,29374,29714,2,0
30245,6490,6491,29457,29702,2,0
30246,6492,6493,29405,29951,2,0
30247,6494,6495,29473,29979,2,0
30248,6496,6497,29207,29812,2,0
30249,6498,6499,29264,29800,2,0
30250,6500,6501,29524,29625,2,0
30251,6502,6503,29518,29718,2,0
30252,6504,6505,29501,29595,2,0
30253,6506,6507,29409,29824,2,0
30254,6508,6509,29506,29968,2,0
30255,6510,6511,29440,29677,2,0
30256,6512,6513,29287,29570,2,0
30257,6514,6515,29269,29691,2,0
30258,6516,6517,29207,29769,2,0
30259,6518,6519,29277,29894,2,0
30260,6520,6521,29356,29861,2,0
30261,6522,6523,29494,29931,2,0
30262,6524,6525,29231,29720,2,0
30263,6526,6527,29275,29579,2,0
30264,6528,6529,29490,29674,2,0
30265,6530,6531,29497,29726,2,0
30266,6532,6533,29125,29824,2,0
30267,6534,6535,29334,29925,2,0
30268,6536,6537,29100,29815,2,0
30269,6538,6539,29123,29741,2,0
30270,6540,6541,29377,29835,2,0
30271,6542,6543,29526,29789,2,0
30272,6544,6545,29474,29559,2,0
30273,6546,6547,29379,29894,2,0
30274,6548,6549,29160,29701,2,0
30275,6550,6551,29545,29789,2,0
30276,6552,6553,29270,29708,2,0
30277,6554,6555,29524,29896,2,0
30278,6556,6557,29381,29825,2,0
30279,6558,6559,29511,29728,2,0
30280,6560,6561,29438,29890,2,0
30281,6562,6563,29465,29839,2,0
30282,6564,6565,29486,29864,2,0
30283,6566,6567,29351,29729,2,0
30284,6568,6569,29510,29794,2,0
30285,6570,6571,29148,29918,2,0
30286,6572,6573,29440,29979,2,0
30287,6574,6575,29413,29704,2,0
30288,6576,6577,29111,29630,2,0
30289,6578,6579,29172,29871,2,0
30290,6580,6581,29452,29606,2,0
30291,6582,6583,29108,29621,2,0
30292,6584,6585,29415,29964,2,0
30293,6586,6587,29339,29748,2,0
30294,6588,6589,29337,29800,2,0
30295,6590,6591,29338,29808,2,0
30296,6592,6593,29352,29991,2,0
30297,6594,6595,29499,29601,2,0
30298,6596,6597,29137,29853,2,0
30299,6598,6599,29400,29698,2,0
30300,6600,6601,29540,29987,2,0
30301,6602,6603,29530,29873,2,0
30302,6604,6605,29420,29921,2,0
30303,6606,6607,29441,29652,2,0
30304,6608,6609,29246,29618,2,0
30305,6610,6611,29412,29856,2,0
30306,6612,6613,29185,29608,2,0
30307,6614,6615,29407,29561,2,0
30308,6616,6617,29143,29734,2,0
30309,6618,6619,29210,29950,2,0
30310,6620,6621,29537,29781,2,0
30311,6622,6623,29176,29706,2,0
30312,6624,6625,29156,29811,2,0
30313,6626,6627,29451,29679,2,0
30314,6628,6629,29204,29558,2,0
30315,6630,6631,29331,29777,2,0
30316,6632,6633,29255,29841,2,0
30317,6634,6635,29509,29676,2,0
30318,6636,6637,29300,29600,2,0
30319,6638,6639,29147,29565,2,0
30320,6640,6641,29495,29749,2,0
30321,6642,6643,29516,29825,2,0
30322,6644,6645,29498,29698,2,0
30323,6646,6647,29221,29578,2,0
30324,6648,6649,29508,29864,2,0
30325,6650,6651,29511,29702,2,0
30326,6652,6653,29485,29620,2,0
30327,6654,6655,29299,29935,2,0
30328,6656,6657,29303,29815,2,0
30329,6658,6659,29527,29874,2,0
30330,6660,6661,29182,29943,2,0
30331,6662,6663,29253,29762,2,0
30332,6664,6665,29342,29888,2,0
30333,6666,6667,29479,29986,2,0
30334,6668,6669,29354,29634,2,0
30335,6670,6671,29306,29733,2,0
30336,6672,6673,29264,29961,2,0
30337,6674,6675,29528,29729,2,0
30338,6676,6677,29246,29724,2,0
30339,6678,6679,29281,29552,2,0
30340,6680,6681,29309,29732,2,0
30341,6682,6683,29506,29816,2,0
30342,6684,6685,29198,29940,2,0
30343,6686,6687,29261,29653,2,0
30344,6688,6689,29414,29664,2,0
30345,6690,6691,29389,29999,2,0
30346,6692,6693,29372,29661,2,0
30347,6694,6695,29399,29756,2,0
30348,6696,6697,29393,29817,2,0
30349,6698,6699,29312,29870,2,0
30350,6700,6701,29445,29810,2,0
30351,6702,6703,29269,29771,2,0
30352,6704,6705,29386,29565,2,0
30353,6706,6707,29107,29766,2,0
30354,6708,6709,29256,29776,2,0
30355,6710,6711,29205,29580,2,0
30356,6712,6713,29257,29805,2,0
30357,6714,6715,29511,29705,2,0
30358,6716,6717,29447,29984,2,0
30359,6718,6719,29467,29735,2,0
30360,6720,6721,29229,29673,2,0
30361,6722,6723,29164,29684,2,0
30362,6724,6725,29154,29585,2,0
30363,6726,6727,29459,29995,2,0
30364,6728,6729,29420,29804,2,0
30365,6730,6731,29178,29825,2,0
30366,6732,6733,29420,29811,2,0
30367,6734,6735,29311,29829,2,0
30368,6736,6737,29382,29626,2,0
30369,6738,6739,29469,29694,2,0
30370,6740,6741,29366,29666,2,0
30371,6742,6743,29534,29917,2,0
30372,6744,6745,29424,29926,2,0
30373,6746,6747,29173,29660,2,0
30374,6748,6749,29413,29989,2,0
30375,6750,6751,29356,29970,2,0
30376,6752,6753,29190,29698,2,0
30377,6754,6755,29235,29659,2,0
30378,6756,6757,29286,29755,2,0
30379,6758,6759,29161,29589,2,0
30380,6760,6761,29143,29951,2,0
30381,6762,6763,29508,29995,2,0
30382,6764,6765,29262,29968,2,0
30383,6766,6767,29194,29905,2,0
30384,6768,6769,29251,29661,2,0
30385,6770,6771,29279,29873,2,0
30386,6772,6773,29471,29982,2,0
30387,6774,6775,29405,29710,2,0
30388,6776,6777,29232,29855,2,0
30389,6778,6779,29130,29558,2,0
30390,6780,6781,29233,29790,2,0
30391,6782,6783,29369,29963,2,0
30392,6784,6785,29172,29717,2,0
30393,6786,6787,29138,29562,2,0
30394,6788,6789,29173,29799,2,0
30395,6790,6791,29110,29691,2,0
30396,6792,6793,29413,29755,2,0
30397,6794,6795,29518,29939,2,0
30398,6796,6797,29470,29684,2,0
30399,6798,6799,29398,29656,2,0
30400,6800,6801,29291,29706,2,0
30401,6802,6803,29466,29868,2,0
30402,6804,6805,29177,29590,2,0
30403,6806,6807,29215,29609,2,0
30404,6808,6809,29307,29879,2,0
30405,6810,6811,29121,29867,2,0
30406,6812,6813,29463,29596,2,0
30407,6814,6815,29462,29929,2,0
30408,6816,6817,29113,29745,2,0
30409,6818,6819,29513,29579,2,0
30410,6820,6821,29532,29566,2,0
30411,6822,6823,29194,29938,2,0
30412,6824,6825,29446,29735,2,0
30413,6826,6827,29546,29960,2,0
30414,6828,6829,29304,29819,2,0
30415,6830,6831,29488,29950,2,0
30416,6832,6833,29534,29974,2,0
30417,6834,6835,29513,29952,2,0
30418,6836,6837,29400,29914,2,0
30419,6838,6839,29537,29585,2,0
30420,6840,6841,29276,29816,2,0
30421,6842,6843,29247,29968,2,0
30422,6844,6845,29462,29690,2,0
30423,6846,6847,29177,29788,2,0
30424,6848,6849,29331,29793,2,0
30425,6850,6851,29480,29698,2,0
30426,6852,6853,29271,29932,2,0
30427,6854,6855,29209,29606,2,0
30428,6856,6857,29114,29893,2,0
30429,6858,6859,29172,29659,2,0
30430,6860,6861,29510,29755,2,0
30431,6862,6863,29230,29555,2,0
30432,6864,6865,29290,29941,2,0
30433,6866,6867,29542,29618,2,0
30434,6868,6869,29471,29556,2,0
30435,6870,6871,29157,29562,2,0
30436,6872,6873,29403,29686,2,0
30437,6874,6875,29221,29696,2,0
30438,6876,6877,29260,29943,2,0
30439,6878,6879,29385,29565,2,0
30440,6880,6881,29509,29661,2,0
30441,6882,6883,29513,29651,2,0
30442,6884,6885,29426,29761,2,0
30443,6886,6887,29323,29959,2,0
30444,6888,6889,29139,29612,2,0
30445,6890,6891,29270,29646,2,0
30446,6892,6893,29288,29740,2,0
30447,6894,6895,29413,29713,2,0
30448,6896,6897,29479,29996,2,0
30449,6898,6899,29252,29815,2,0
30450,6900,6901,29205,29936,2,0
30451,6902,6903,29354,29590,2,0
30452,6904,6905,29128,29930,2,0
30453,6906,6907,29183,29645,2,0
30454,6908,6909,29144,29723,2,0
30455,6910,6911,29112,29908,2,0
30456,6912,6913,29307,29998,2,0
30457,6914,6915,29317,29674,2,0
30458,6916,6917,29232,29941,2,0
30459,6918,6919,29422,29893,2,0
30460,6920,6921,29155,29830,2,0
30461,6922,6923,29526,29777,2,0
30462,6924,6925,29329,29658,2,0
30463,6926,6927,29516,29677,2,0
30464,6928,6929,29166,29850,2,0
30465,6930,6931,29172,29797,2,0
30466,6932,6933,29158,29678,2,0
30467,6934,6935,29504,29869,2,0
30468,6936,6937,29356,29989,2,0
30469,6938,6939,29124,29750,2,0
30470,6940,6941,29277,29907,2,0
30471,6942,6943,29230,29803,2,0
30472,6944,6945,29345,29606,2,0
30473,6946,6947,29494,29970,2,0
30474,6948,6949,29527,29819,2,0
30475,6950,6951,29193,29786,2,0
30476,6952,6953,29511,29625,2,0
30477,6954,6955,29531,29675,2,0
30478,6956,6957,29259,29598,2,0
30479,6958,6959,29162,29893,2,0
30480,6960,6961,29366,29736,2,0
30481,6962,6963,29169,29617,2,0
30482,6964,6965,29498,29948,2,0
30483,6966,6967,29333,29891,2,0
30484,6968,6969,29143,29782,2,0
30485,6970,6971,29153,29795,2,0
30486,6972,6973,29355,29870,2,0
30487,6974,6975,29127,29658,2,0
30488,6976,6977,29385,29748,2,0
30489,6978,6979,29327,29977,2,0
30490,6980,6981,29161,29596,2,0
30491,6982,6983,29206,29574,2,0
30492,6984,6985,29373,29684,2,0
30493,6986,6987,29391,29892,2,0
30494,6988,6989,29189,29965,2,0
30495,6990,6991,29286,29704,2,0
30496,6992,6993,29132,29989,2,0
30497,6994,6995,29169,29892,2,0
30498,6996,6997,29272,29917,2,0
30499,6998,6999,29523,29715,2,0
30500,7000,7001,29273,29597,2,0
30501,7002,7003,29278,29957,2,0
30502,7004,7005,29338,29667,2,0
30503,7006,7007,29538,29715,2,0
30504,7008,7009,29339,29839,2,0
30505,7010,7011,29290,29666,2,0
30506,7012,7013,29279,29911,2,0
30507,7014,7015,29264,29875,2,0
30508,7016,7017,29336,29869,2,0
30509,7018,7019,29128,29723,2,0
30510,7020,7021,29167,29614,2,0
30511,7022,7023,29254,29958,2,0
30512,7024,7025,29161,29860,2,0
30513,7026,7027,29310,29622,2,0
30514,7028,7029,29300,29771,2,0
30515,7030,7031,29547,29766,2,0
30516,7032,7033,29468,29815,2,0
30517,7034,7035,29450,29840,2,0
30518,7036,7037,29540,29631,2,0
30519,7038,7039,29303,29947,2,0
30520,7040,7041,29515,29883,2,0
30521,7042,7043,29358,29673,2,0
30522,7044,7045,29131,29727,2,0
30523,7046,7047,29112,29881,2,0
30524,7048,7049,29444,29749,2,0
30525,7050,7051,29259,29943,2,0
30526,7052,7053,29371,29892,2,0
30527,7054,7055,29328,29907,2,0
30528,7056,7057,29392,29705,2,0
30529,7058,7059,29213,29846,2,0
30530,7060,7061,29238,29745,2,0
30531,7062,7063,29223,29868,2,0
30532,7064,7065,29409,29641,2,0
30533,7066,7067,29456,29749,2,0
30534,7068,7069,29221,29844,2,0
30535,7070,7071,29152,29606,2,0
30536,7072,7073,29252,29597,2,0
30537,7074,7075,29537,29971,2,0
30538,7076,7077,29169,29985,2,0
30539,7078,7079,29263,29890,2,0
30540,7080,7081,29441,29576,2,0
30541,7082,7083,29498,29629,2,0
30542,7084,7085,29260,29559,2,0
30543,7086,7087,29119,29979,2,0
30544,7088,7089,29296,29823,2,0
30545,7090,7091,29368,29674,2,0
30546,7092,7093,29187,29570,2,0
30547,7094,7095,29109,29678,2,0
30548,7096,7097,29308,29844,2,0
30549,7098,7099,29504,29963,2,0
30550,7100,7101,29047,29085,2,0
30551,7102,7103,29040,29068,2,0
30552,7104,7105,29048,29060,2,0
30553,7106,7107,29008,29053,2,0
30554,7108,7109,29016,29059,2,0
30555,7110,7111,29532,29762,2,0
30556,7112,7113,29320,29737,2,0
30557,7114,7115,29263,29902,2,0
30558,7116,7117,29172,29985,2,0
30559,7118,7119,29241,29772,2,0
30560,7120,7121,29504,29803,2,0
30561,7122,7123,29480,29649,2,0
30562,7124,7125,29231,29650,2,0
30563,7126,7127,29229,29584,2,0
30564,7128,7129,29232,29792,2,0
30565,7130,7131,29215,29870,2,0
30566,7132,7133,29416,29660,2,0
30567,7134,7135,29265,29904,2,0
30568,7136,7137,29153,29700,2,0
30569,7138,7139,29331,29810,2,0
30570,7140,7141,29166,29968,2,0
30571,7142,7143,29282,29797,2,0
30572,7144,7145,29335,29705,2,0
30573,7146,7147,29171,29769,2,0
30574,7148,7149,29427,29979,2,0
30575,7150,7151,29472,29592,2,0
30576,7152,7153,29485,29610,2,0
30577,7154,7155,29336,29829,2,0
30578,7156,7157,29457,29954,2,0
30579,7158,7159,29372,29787,2,0
30580,7160,7161,29366,29745,2,0
30581,7162,7163,29333,29802,2,0
30582,7164,7165,29114,29976,2,0
30583,7166,7167,29130,29982,2,0
30584,7168,7169,29520,29667,2,0
30585,7170,7171,29430,29584,2,0
30586,7172,7173,29210,29875,2,0
30587,7174,7175,29482,29730,2,0
30588,7176,7177,29146,29860,2,0
30589,7178,7179,29201,29804,2,0
30590,7180,7181,29431,29634,2,0
30591,7182,7183,29361,29955,2,0
30592,7184,7185,29353,29681,2,0
30593,7186,7187,29518,29808,2,0
30594,7188,7189,29267,29864,2,0
30595,7190,7191,29163,29626,2,0
30596,7192,7193,29355,29716,2,0
30597,7194,7195,29333,29852,2,0
30598,7196,7197,29376,29819,2,0
30599,7198,7199,29531,29889,2,0
30600,7200,7201,29380,29852,2,0
30601,7202,7203,29156,29933,2,0
30602,7204,7205,29365,29678,2,0
30603,7206,7207,29442,29569,2,0
30604,7208,7209,29429,29689,2,0
30605,7210,7211,29468,29674,2,0
30606,7212,7213,29336,29729,2,0
30607,7214,7215,29162,29702,2,0
30608,7216,7217,29461,29757,2,0
30609,7218,7219,29159,29792,2,0
30610,7220,7221,29183,29965,2,0
30611,7222,7223,29439,29710,2,0
30612,7224,7225,29260,29699,2,0
30613,7226,7227,29502,29709,2,0
30614,7228,7229,29430,29982,2,0
30615,7230,7231,29210,29686,2,0
30616,7232,7233,29301,29670,2,0
30617,7234,7235,29228,29866,2,0
30618,7236,7237,29502,29802,2,0
30619,7238,7239,29310,29605,2,0
30620,7240,7241,29279,29591,2,0
30621,7242,7243,29494,29975,2,0
30622,7244,7245,29174,29906,2,0
30623,7246,7247,29126,29755,2,0
30624,7248,7249,29175,29575,2,0
30625,7250,7251,29428,29728,2,0
30626,7252,7253,29224,29877,2,0
30627,7254,7255,29139,29708,2,0
30628,7256,7257,29492,29646,2,0
30629,7258,7259,29509,29782,2,0
30630,7260,7261,29385,29589,2,0
30631,7262,7263,29493,29567,2,0
30632,7264,7265,29315,29688,2,0
30633,7266,7267,29233,29655,2,0
30634,7268,7269,29123,29738,2,0
30635,7270,7271,29462,29863,2,0
30636,7272,7273,29290,29874,2,0
30637,7274,7275,29520,29690,2,0
30638,7276,7277,29382,29654,2,0
30639,7278,7279,29236,29908,2,0
30640,7280,7281,29233,29909,2,0
30641,7282,7283,29519,29821,2,0
30642,7284,7285,29101,29978,2,0
30643,7286,7287,29356,29582,2,0
30644,7288,7289,29490,29559,2,0
30645,7290,7291,29400,29960,2,0
30646,7292,7293,29458,29812,2,0
30647,7294,7295,29462,29644,2,0
30648,7296,7297,29542,29806,2,0
30649,7298,7299,29366,29770,2,0
30650,7300,7301,29242,29888,2,0
30651,7302,7303,29503,29881,2,0
30652,7304,7305,29122,29891,2,0
30653,7306,7307,29231,29901,2,0
30654,7308,7309,29337,29712,2,0
30655,7310,7311,29482,29998,2,0
30656,7312,7313,29331,29607,2,0
30657,7314,7315,29195,29686,2,0
30658,7316,7317,29269,29628,2,0
30659,7318,7319,29350,29563,2,0
30660,7320,7321,29534,29811,2,0
30661,7322,7323,29139,29558,2,0
30662,7324,7325,29361,29643,2,0
30663,7326,7327,29140,29883,2,0
30664,7328,7329,29415,29573,2,0
30665,7330,7331,29449,29794,2,0
30666,7332,7333,29381,29551,2,0
30667,7334,7335,29357,29942,2,0
30668,7336,7337,29351,29576,2,0
30669,7338,7339,29320,29671,2,0
30670,7340,7341,29207,29743,2,0
30671,7342,7343,29253,29683,2,0
30672,7344,7345,29193,29944,2,0
30673,7346,7347,29448,29745,2,0
30674,7348,7349,29541,29591,2,0
30675,7350,7351,29232,29587,2,0
30676,7352,7353,29218,29689,2,0
30677,7354,7355,29233,29562,2,0
30678,7356,7357,29500,29752,2,0
30679,7358,7359,29251,29717,2,0
30680,7360,7361,29386,29745,2,0
30681,7362,7363,29258,29658,2,0
30682,7364,7365,29469,29993,2,0
30683,7366,7367,29406,29865,2,0
30684,7368,7369,29409,29730,2,0
30685,7370,7371,29209,29935,2,0
30686,7372,7373,29122,29608,2,0
30687,7374,7375,29457,29667,2,0
30688,7376,7377,29270,29673,2,0
30689,7378,7379,29482,29661,2,0
30690,7380,7381,29522,29854,2,0
30691,7382,7383,29271,29811,2,0
30692,7384,7385,29521,29757,2,0
30693,7386,7387,29407,29634,2,0
30694,7388,7389,29334,29935,2,0
30695,7390,7391,29159,29581,2,0
30696,7392,7393,29230,29864,2,0
30697,7394,7395,29140,29935,2,0
30698,7396,7397,29320,29820,2,0
30699,7398,7399,29381,29838,2,0
30700,7400,7401,29366,29915,2,0
30701,7402,7403,29456,29634,2,0
30702,7404,7405,29326,29785,2,0
30703,7406,7407,29473,29903,2,0
30704,7408,7409,29237,29956,2,0
30705,7410,7411,29453,29848,2,0
30706,7412,7413,29120,29695,2,0
30707,7414,7415,29190,29738,2,0
30708,7416,7417,29333,29844,2,0
30709,7418,7419,29402,29652,2,0
30710,7420,7421,29149,29839,2,0
30711,7422,7423,29447,29589,2,0
30712,7424,7425,29432,29838,2,0
30713,7426,7427,29302,29562,2,0
30714,7428,7429,29283,29603,2,0
30715,7430,7431,29506,29835,2,0
30716,7432,7433,29470,29715,2,0
30717,7434,7435,29404,29933,2,0
30718,7436,7437,29306,29585,2,0
30719,7438,7439,29217,29898,2,0
30720,7440,7441,29188,29585,2,0
30721,7442,7443,29391,29552,2,0
30722,7444,7445,29545,29911,2,0
30723,7446,7447,29408,29713,2,0
30724,7448,7449,29247,29972,2,0
30725,7450,7451,29175,29644,2,0
30726,7452,7453,29398,29861,2,0
30727,7454,7455,29113,29873,2,0
30728,7456,7457,29161,29883,2,0
30729,7458,7459,29513,29786,2,0
30730,7460,7461,29306,29734,2,0
30731,7462,7463,29379,29665,2,0
30732,7464,7465,29544,29566,2,0
30733,7466,7467,29242,29879,2,0
30734,7468,7469,29161,29582,2,0
30735,7470,7471,29518,29628,2,0
30736,7472,7473,29446,29585,2,0
30737,7474,7475,29167,29793,2,0
30738,7476,7477,29530,29723,2,0
30739,7478,7479,29496,29700,2,0
30740,7480,7481,29430,29927,2,0
30741,7482,7483,29173,29959,2,0
30742,7484,7485,29208,29583,2,0
30743,7486,7487,29315,29775,2,0
30744,7488,7489,29151,29896,2,0
30745,7490,7491,29433,29838,2,0
30746,7492,7493,29483,29599,2,0
30747,7494,7495,29540,29849,2,0
30748,7496,7497,29510,29922,2,0
30749,7498,7499,29533,29676,2,0
30750,7500,7501,29250,29906,2,0
30751,7502,7503,29471,29598,2,0
30752,7504,7505,29241,29845,2,0
30753,7506,7507,29516,29582,2,0
30754,7508,7509,29262,29742,2,0
30755,7510,7511,29199,29608,2,0
30756,7512,7513,29206,29718,2,0
30757,7514,7515,29211,29635,2,0
30758,7516,7517,29242,29696,2,0
30759,7518,7519,29489,29662,2,0
30760,7520,7521,29418,29808,2,0
30761,7522,7523,29393,29724,2,0
30762,7524,7525,29207,29795,2,0
30763,7526,7527,29303,29920,2,0
30764,7528,7529,29170,29713,2,0
30765,7530,7531,29158,29738,2,0
30766,7532,7533,29251,29606,2,0
30767,7534,7535,29182,29688,2,0
30768,7536,7537,29120,29689,2,0
30769,7538,7539,29389,29990,2,0
30770,7540,7541,29545,29849,2,0
30771,7542,7543,29116,29649,2,0
30772,7544,7545,29526,29862,2,0
30773,7546,7547,29391,29686,2,0
30774,7548,7549,29143,29709,2,0
30775,7550,7551,29487,29718,2,0
30776,7552,7553,29217,29699,2,0
30777,7554,7555,29244,29840,2,0
30778,7556,7557,29227,29831,2,0
30779,7558,7559,29441,29687,2,0
30780,7560,7561,29263,29841,2,0
30781,7562,7563,29250,29917,2,0
30782,7564,7565,29151,29948,2,0
30783,7566,7567,29479,29610,2,0
30784,7568,7569,29251,29889,2,0
30785,7570,7571,29215,29745,2,0
30786,7572,7573,29519,29805,2,0
30787,7574,7575,29263,29639,2,0
30788,7576,7577,29130,29746,2,0
30789,7578,7579,29170,29666,2,0
30790,7580,7581,29488,29713,2,0
30791,7582,7583,29165,29664,2,0
30792,7584,7585,29403,29889,2,0
30793,7586,7587,29134,29875,2,0
30794,7588,7589,29207,29640,2,0
30795,7590,7591,29345,29998,2,0
30796,7592,7593,29184,29836,2,0
30797,7594,7595,29522,29791,2,0
30798,7596,7597,29209,29943,2,0
30799,7598,7599,29397,29896,2,0
30800,7600,7601,29302,29713,2,0
30801,7602,7603,29496,29812,2,0
30802,7604,7605,29522,29887,2,0
30803,7606,7607,29417,29981,2,0
30804,7608,7609,29223,29912,2,0
30805,7610,7611,29135,29848,2,0
30806,7612,7613,29366,29858,2,0
30807,7614,7615,29407,29694,2,0
30808,7616,7617,29342,29662,2,0
30809,7618,7619,29358,29727,2,0
30810,7620,7621,29539,29736,2,0
30811,7622,7623,29183,29711,2,0
30812,7624,7625,29298,29648,2,0
30813,7626,7627,29412,29850,2,0
30814,7628,7629,29298,29712,2,0
30815,7630,7631,29289,29858,2,0
30816,7632,7633,29349,29599,2,0
30817,7634,7635,29410,29734,2,0
30818,7636,7637,29181,29674,2,0
30819,7638,7639,29484,29571,2,0
30820,7640,7641,29356,29720,2,0
30821,7642,7643,29117,29977,2,0
30822,7644,7645,29182,29997,2,0
30823,7646,7647,29101,29898,2,0
30824,7648,7649,29343,29684,2,0
30825,7650,7651,29118,29782,2,0
30826,7652,7653,29290,29599,2,0
30827,7654,7655,29168,29691,2,0
30828,7656,7657,29448,29901,2,0
30829,7658,7659,29223,29963,2,0
30830,7660,7661,29513,29631,2,0
30831,7662,7663,29381,29848,2,0
30832,7664,7665,29253,29684,2,0
30833,7666,7667,29290,29801,2,0
30834,7668,7669,29110,29651,2,0
30835,7670,7671,29376,29614,2,0
30836,7672,7673,29351,29637,2,0
30837,7674,7675,29442,29609,2,0
30838,7676,7677,29475,29741,2,0
30839,7678,7679,29331,29967,2,0
30840,7680,7681,29368,29844,2,0
30841,7682,7683,29533,29840,2,0
30842,7684,7685,29123,29587,2,0
30843,7686,7687,29167,29591,2,0
30844,7688,7689,29523,29803,2,0
30845,7690,7691,29255,29815,2,0
30846,7692,7693,29483,29900,2,0
30847,7694,7695,29527,29870,2,0
30848,7696,7697,29227,29743,2,0
30849,7698,7699,29142,29711,2,0
30850,7700,7701,29266,29581,2,0
30851,7702,7703,29251,29864,2,0
30852,7704,7705,29457,29691,2,0
30853,7706,7707,29304,29665,2,0
30854,7708,7709,29234,29640,2,0
30855,7710,7711,29471,29918,2,0
30856,7712,7713,29364,29910,2,0
30857,7714,7715,29257,29706,2,0
30858,7716,7717,29119,29565,2,0
30859,7718,7719,29496,29744,2,0
30860,7720,7721,29105,29900,2,0
30861,7722,7723,29478,29681,2,0
30862,7724,7725,29249,29610,2,0
30863,7726,7727,29360,29797,2,0
30864,7728,7729,29316,29890,2,0
30865,7730,7731,29139,29859,2,0
30866,7732,7733,29297,29832,2,0
30867,7734,7735,29325,29789,2,0
30868,7736,7737,29532,29681,2,0
30869,7738,7739,29286,29641,2,0
30870,7740,7741,29399,29768,2,0
30871,7742,7743,29460,29610,2,0
30872,7744,7745,29105,29723,2,0
30873,7746,7747,29403,29565,2,0
30874,7748,7749,29380,29697,2,0
30875,7750,7751,29452,29657,2,0
30876,7752,7753,29473,29575,2,0
30877,7754,7755,29270,29930,2,0
30878,7756,7757,29358,29770,2,0
30879,7758,7759,29171,29669,2,0
30880,7760,7761,29510,29826,2,0
30881,7762,7763,29100,29799,2,0
30882,7764,7765,29372,29686,2,0
30883,7766,7767,29438,29822,2,0
30884,7768,7769,29488,29884,2,0
30885,7770,7771,29262,29807,2,0
30886,7772,7773,29392,29580,2,0
30887,7774,7775,29501,29558,2,0
30888,7776,7777,29195,29610,2,0
30889,7778,7779,29502,29942,2,0
30890,7780,7781,29385,29731,2,0
30891,7782,7783,29341,29749,2,0
30892,7784,7785,29181,29755,2,0
30893,7786,7787,29424,29668,2,0
30894,7788,7789,29507,29899,2,0
30895,7790,7791,29400,29653,2,0
30896,7792,7793,29428,29640,2,0
30897,7794,7795,29323,29759,2,0
30898,7796,7797,29503,29604,2,0
30899,7798,7799,29466,29682,2,0
30900,7800,7801,29522,29841,2,0
30901,7802,7803,29320,29854,2,0
30902,7804,7805,29230,29583,2,0
30903,7806,7807,29417,29552,2,0
30904,7808,7809,29231,29631,2,0
30905,7810,7811,29275,29618,2,0
30906,7812,7813,29533,29879,2,0
30907,7814,7815,29104,29604,2,0
30908,7816,7817,29211,29786,2,0
30909,7818,7819,29454,29739,2,0
30910,7820,7821,29135,29640,2,0
30911,7822,7823,29288,29599,2,0
30912,7824,7825,29133,29665,2,0
30913,7826,7827,29185,29907,2,0
30914,7828,7829,29168,29761,2,0
30915,7830,7831,29298,29966,2,0
30916,7832,7833,29434,29768,2,0
30917,7834,7835,29411,29936,2,0
30918,7836,7837,29396,29959,2,0
30919,7838,7839,29418,29671,2,0
30920,7840,7841,29363,29569,2,0
30921,7842,7843,29321,29798,2,0
30922,7844,7845,29179,29583,2,0
30923,7846,7847,29446,29870,2,0
30924,7848,7849,29241,29866,2,0
30925,7850,7851,29520,29629,2,0
30926,7852,7853,29519,29963,2,0
30927,7854,7855,29162,29857,2,0
30928,7856,7857,29250,29640,2,0
30929,7858,7859,29125,29612,2,0
30930,7860,7861,29164,29725,2,0
30931,7862,7863,29494,29953,2,0
30932,7864,7865,29335,29696,2,0
30933,7866,7867,29460,29745,2,0
30934,7868,7869,29241,29588,2,0
30935,7870,7871,29244,29772,2,0
30936,7872,7873,29100,29729,2,0
30937,7874,7875,29139,29772,2,0
30938,7876,7877,29234,29712,2,0
30939,7878,7879,29320,29643,2,0
30940,7880,7881,29503,29945,2,0
30941,7882,7883,29346,29675,2,0
30942,7884,7885,29111,29653,2,0
30943,7886,7887,29524,29554,2,0
30944,7888,7889,29166,29669,2,0
30945,7890,7891,29418,29603,2,0
30946,7892,7893,29257,29870,2,0
30947,7894,7895,29200,29890,2,0
30948,7896,7897,29374,29693,2,0
30949,7898,7899,29449,29781,2,0
30950,7900,7901,29227,29917,2,0
30951,7902,7903,29494,29935,2,0
30952,7904,7905,29368,29573,2,0
30953,7906,7907,29103,29625,2,0
30954,7908,7909,29488,29719,2,0
30955,7910,7911,29372,29923,2,0
30956,7912,7913,29130,29806,2,0
30957,7914,7915,29542,29996,2,0
30958,7916,7917,29545,29772,2,0
30959,7918,7919,29156,29802,2,0
30960,7920,7921,29124,29789,2,0
30961,7922,7923,29361,29835,2,0
30962,7924,7925,29341,29889,2,0
30963,7926,7927,29514,29619,2,0
30964,7928,7929,29521,29787,2,0
30965,7930,7931,29417,29984,2,0
30966,7932,7933,29217,29923,2,0
30967,7934,7935,29303,29865,2,0
30968,7936,7937,29303,29957,2,0
30969,7938,7939,29403,29909,2,0
30970,7940,7941,29226,29693,2,0
30971,7942,7943,29171,29845,2,0
30972,7944,7945,29540,29894,2,0
30973,7946,7947,29544,29571,2,0
30974,7948,7949,29545,29699,2,0
30975,7950,7951,29253,29980,2,0
30976,7952,7953,29346,29696,2,0
30977,7954,7955,29276,29916,2,0
30978,7956,7957,29284,29599,2,0
30979,7958,7959,29183,29840,2,0
30980,7960,7961,29532,29555,2,0
30981,7962,7963,29349,29951,2,0
30982,7964,7965,29480,29813,2,0
30983,7966,7967,29339,29694,2,0
30984,7968,7969,29498,29648,2,0
30985,7970,7971,29499,29679,2,0
30986,7972,7973,29227,29759,2,0
30987,7974,7975,29157,29893,2,0
30988,7976,7977,29128,29783,2,0
30989,7978,7979,29425,29817,2,0
30990,7980,7981,29523,29561,2,0
30991,7982,7983,29374,29813,2,0
30992,7984,7985,29289,29674,2,0
30993,7986,7987,29177,29676,2,0
30994,7988,7989,29107,29859,2,0
30995,7990,7991,29228,29744,2,0
30996,7992,7993,29158,29705,2,0
30997,7994,7995,29245,29822,2,0
30998,7996,7997,29449,29764,2,0
30999,7998,7999,29345,29636,2,0
29000,4000,4001,28005,28061,1,1
29001,4002,4003,28046,28091,1,1
29002,4004,4005,28008,28089,1,1
29003,4006,4007,28049,28066,1,1
29004,4008,4009,28046,28056,1,1
29005,4010,4011,28007,28065,1,1
29006,4012,4013,28024,28050,1,1
29007,4014,4015,28008,28081,1,1
29008,4016,4017,28004,28084,1,1
29009,4018,4019,28014,28092,1,1
29010,4020,4021,28047,28056,1,1
29011,4022,4023,28041,28071,1,1
29012,4024,4025,28024,28070,1,1
29013,4026,4027,28016,28062,1,1
29014,4028,4029,28020,28095,1,1
29015,4030,4031,28039,28094,1,1
29016,4032,4033,28019,28094,1,1
29017,4034,4035,28049,28064,1,1
29018,4036,4037,28023,28096,1,1
29019,4038,4039,28015,28091,1,1
29020,4040,4041,28039,28094,1,1
29021,4042,4043,28033,28076,1,1
29022,4044,4045,28043,28050,1,1
29023,4046,4047,28016,28082,1,1
29024,4048,4049,28040,28075,1,1
29025,4050,4051,28011,28094,1,1
29026,4052,4053,28027,28099,1,1
29027,4054,4055,28039,28050,1,1
29028,4056,4057,28028,28086,1,1
29029,4058,4059,28024,28056,1,1
29030,4060,4061,28000,28085,1,1
29031,4062,4063,28046,28077,1,1
29032,4064,4065,28014,28055,1,1
29033,4066,4067,28026,28074,1,1
29034,4068,4069,28049,28087,1,1
29035,4070,4071,28027,28084,1,1
29036,4072,4073,28047,28079,1,1
29037,4074,4075,28007,28097,1,1
29038,4076,4077,28011,28064,1,1
29039,4078,4079,28031,28071,1,1
29040,4080,4081,28045,28060,1,1
29041,4082,4083,28023,28085,1,1
29042,4084,4085,28015,28066,1,1
29043,4086,4087,28015,28072,1,1
29044,4088,4089,28047,28051,1,1
29045,4090,4091,28037,28085,1,1
29046,4092,4093,28010,28062,1,1
29047,4094,4095,28049,28087,1,1
29048,4096,4097,28036,28092,1,1
29049,4098,4099,28022,28092,1,1
29050,4100,4101,28037,28068,1,1
29051,4102,4103,28042,28069,1,1
29052,4104,4105,28043,28087,1,1
29053,4106,4107,28018,28097,1,1
29054,4108,4109,28022,28066,1,1
29055,4110,4111,28026,28062,1,1
29056,4112,4113,28036,28093,1,1
29057,4114,4115,28017,28092,1,1
29058,4116,4117,28049,28082,1,1
29059,4118,4119,28018,28054,1,1
29060,4120,4121,28035,28078,1,1
29061,4122,4123,28033,28079,1,1
29062,4124,4125,28021,28087,1,1
29063,4126,4127,28025,28093,1,1
29064,4128,4129,28008,28053,1,1
29065,4130,4131,28035,28073,1,1
29066,4132,4133,28021,28094,1,1
29067,4134,4135,28006,28053,1,1
29068,4136,4137,28042,28063,1,1
29069,4138,4139,28026,28056,1,1
29070,4140,4141,28011,28087,1,1
29071,4142,4143,28021,28089,1,1
29072,4144,4145,28004,28059,1,1
29073,4146,4147,28038,28064,1,1
29074,4148,4149,28025,28058,1,1
29075,4150,4151,28045,28082,1,1
29076,4152,4153,28028,28065,1,1
29077,4154,4155,28031,28073,1,1
29078,4156,4157,28021,28077,1,1
29079,4158,4159,28045,28094,1,1
29080,4160,4161,28022,28073,1,1
29081,4162,4163,28048,28072,1,1
29082,4164,4165,28035,28099,1,1
29083,4166,4167,28015,28059,1,1
29084,4168,4169,28007,28058,1,1
29085,4170,4171,28014,28077,1,1
29086,4172,4173,28012,28079,1,1
29087,4174,4175,28048,28088,1,1
29088,4176,4177,28016,28073,1,1
29089,4178,4179,28027,28092,1,1
29090,4180,4181,28029,28063,1,1
29091,4182,4183,28046,28052,1,1
29092,4184,4185,28000,28078,1,1
29093,4186,4187,28009,28064,1,1
29094,4188,4189,28013,28074,1,1
29095,4190,4191,28002,28059,1,1
29096,4192,4193,28033,28051,1,1
29097,4194,4195,28040,28062,1,1
29098,4196,4197,28033,28061,1,1
29099,4198,4199,28011,28089,1,1
29100,4200,4201,28015,28062,2,1
29101,4202,4203,28034,28051,2,1
29102,4204,4205,28041,28074,2,1
29103,4206,4207,28046,28070,2,1
29104,4208,4209,28020,28083,2,1
29105,4210,4211,28022,28056,2,1
29106,4212,4213,28030,28090,2,1
29107,4214,4215,28036,28091,2,1
29108,4216,4217,28171,28660,2,1
29109,4218,4219,28339,28846,2,1
29110,4220,4221,28105,28852,2,1
29111,4222,4223,28231,28970,2,1
29112,4224,4225,28171,28983,2,1
29113,4226,4227,28366,28908,2,1
29114,4228,4229,28160,28742,2,1
29115,4230,4231,28280,28679,2,1
29116,4232,4233,28173,28946,2,1
29117,4234,4235,28393,28720,2,1
29118,4236,4237,28360,28609,2,1
29119,4238,4239,28460,28925,2,1
29120,4240,4241,28188,28743,2,1
29121,4242,4243,28344,28737,2,1
29122,4244,4245,28132,28802,2,1
29123,4246,4247,28473,28641,2,1
29124,4248,4249,28435,28935,2,1
29125,4250,4251,28156,28903,2,1
29126,4252,4253,28119,28651,2,1
29127,4254,4255,28234,28929,2,1
29128,4256,4257,28204,28637,2,1
29129,4258,4259,28120,28893,2,1
29130,4260,4261,28544,28561,2,1
29131,4262,4263,28258,28896,2,1
29132,4264,4265,28444,28566,2,1
29133,4266,4267,28150,28589,2,1
29134,4268,4269,28441,28930,2,1
29135,4270,4271,28106,28973,2,1
29136,4272,4273,28459,28698,2,1
29137,4274,4275,28408,28732,2,1
29138,4276,4277,28437,28783,2,1
29139,4278,4279,28259,28971,2,1
29140,4280,4281,28301,28635,2,1
29141,4282,4283,28509,28737,2,1
29142,4284,4285,28525,28801,2,1
29143,4286,4287,28340,28742,2,1
29144,4288,4289,28286,28890,2,1
29145,4290,4291,28423,28736,2,1
29146,4292,4293,28157,28766,2,1
29147,4294,4295,28387,28723,2,1
29148,4296,4297,28318,28785,2,1
29149,4298,4299,28125,28701,2,1
29150,4300,4301,28395,28876,2,1
29151,4302,4303,28434,28635,2,1
29152,4304,4305,28524,28555,2,1
29153,4306,4307,28434,28926,2,1
29154,4308,4309,28231,28935,2,1
29155,4310,4311,28519,28881,2,1
29156,4312,4313,28319,28971,2,1
29157,4314,4315,28224,28556,2,1
29158,4316,4317,28329,28948,2,1
29159,4318,4319,28383,28982,2,1
29160,4320,4321,28413,28814,2,1
29161,4322,4323,28243,28554,2,1
29162,4324,4325,28130,28685,2,1
29163,4326,4327,28137,28863,2,1
29164,4328,4329,28372,28946,2,1
29165,4330,4331,28141,28885,2,1
29166,4332,4333,28289,28980,2,1
29167,4334,4335,28148,28589,2,1
29168,4336,4337,28321,28743,2,1
29169,4338,4339,28521,28818,2,1
29170,4340,4341,28295,28746,2,1
29171,4342,4343,28441,28867,2,1
29172,4344,4345,28300,28831,2,1
29173,4346,4347,28174,28869,2,1
29174,4348,4349,28416,28777,2,1
29175,4350,4351,28269,28754,2,1
29176,4352,4353,28436,28594,2,1
29177,4354,4355,28459,28749,2,1
29178,4356,4357,28207,28942,2,1
29179,4358,4359,28319,28636,2,1
29180,4360,4361,28197,28669,2,1
29181,4362,4363,28521,28786,2,1
29182,4364,4365,28316,28641,2,1
29183,4366,4367,28133,28714,2,1
29184,4368,4369,28374,28766,2,1
29185,4370,4371,28421,28715,2,1
29186,4372,4373,28240,28730,2,1
29187,4374,4375,28270,28599,2,1
29188,4376,4377,28462,28641,2,1
29189,4378,4379,28153,28708,2,1
29190,4380,4381,28185,28993,2,1
29191,4382,4383,28208,28836,2,1
29192,4384,4385,28525,28559,2,1
29193,4386,4387,28153,28680,2,1
29194,4388,4389,28282,28937,2,1
29195,4390,4391,28486,28633,2,1
29196,4392,4393,28494,28561,2,1
29197,4394,4395,28491,28975,2,1
29198,4396,4397,28267,28709,2,1
29199,4398,4399,28530,28632,2,1
29200,4400,4401,28504,28935,2,1
29201,4402,4403,28153,28619,2,1
29202,4404,4405,28160,28703,2,1
29203,4406,4407,28472,28797,2,1
29204,4408,4409,28211,28901,2,1
29205,4410,4411,28117,28726,2,1
29206,4412,4413,28224,28552,2,1
29207,4414,4415,28399,28787,2,1
29208,4416,4417,28396,28985,2,1
29209,4418,4419,28513,28861,2,1
29210,4420,4421,28335,28668,2,1
29211,4422,4423,28424,28576,2,1
29212,4424,4425,28469,28618,2,1
29213,4426,4427,28192,28876,2,1
29214,4428,4429,28191,28667,2,1
29215,4430,4431,28328,28910,2,1
29216,4432,4433,28516,28765,2,1
29217,4434,4435,28224,28832,2,1
29218,4436,4437,28185,28650,2,1
29219,4438,4439,28514,28821,2,1
29220,4440,4441,28298,28879,2,1
29221,4442,4443,28348,28669,2,1
29222,4444,4445,28456,28733,2,1
29223,4446,4447,28347,28929,2,1
29224,4448,4449,28104,28805,2,1
29225,4450,4451,28509,28605,2,1
29226,4452,4453,28259,28825,2,1
29227,4454,4455,28478,28940,2,1
29228,4456,4457,28388,28617,2,1
29229,4458,4459,28471,28900,2,1
29230,4460,4461,28314,28873,2,1
29231,4462,4463,28224,28602,2,1
29232,4464,4465,28521,28676,2,1
29233,4466,4467,28313,28971,2,1
29234,4468,4469,28465,28760,2,1
29235,4470,4471,28321,28888,2,1
29236,4472,4473,28308,28976,2,1
29237,4474,4475,28486,28746,2,1
29238,4476,4477,28359,28925,2,1
29239,4478,4479,28174,28864,2,1
29240,4480,4481,28334,28572,2,1
29241,4482,4483,28452,28694,2,1
29242,4484,4485,28206,28579,2,1
29243,4486,4487,28110,28792,2,1
29244,4488,4489,28518,28920,2,1
29245,4490,4491,28440,28632,2,1
29246,4492,4493,28476,28763,2,1
29247,4494,4495,28379,28788,2,1
29248,4496,4497,28113,28983,2,1
29249,4498,4499,28423,28959,2,1
29250,4500,4501,28184,28688,2,1
29251,4502,4503,28517,28675,2,1
29252,4504,4505,28265,28759,2,1
29253,4506,4507,28380,28955,2,1
29254,4508,4509,28311,28697,2,1
29255,4510,4511,28310,28571,2,1
29256,4512,4513,28392,28747,2,1
29257,4514,4515,28520,28554,2,1
29258,4516,4517,28182,28957,2,1
29259,4518,4519,28404,28810,2,1
29260,4520,4521,28479,28629,2,1
29261,4522,4523,28425,28843,2,1
29262,4524,4525,28502,28732,2,1
29263,4526,4527,28184,28641,2,1
29264,4528,4529,28132,28864,2,1
29265,4530,4531,28424,28770,2,1
29266,4532,4533,28276,28822,2,1
29267,4534,4535,28275,28856,2,1
29268,4536,4537,28223,28586,2,1
29269,4538,4539,28155,28710,2,1
29270,4540,4541,28165,28731,2,1
29271,4542,4543,28317,28610,2,1
29272,4544,4545,28480,28634,2,1
29273,4546,4547,28299,28972,2,1
29274,4548,4549,28449,28645,2,1
29275,4550,4551,28132,28986,2,1
29276,4552,4553,28249,28863,2,1
29277,4554,4555,28496,28769,2,1
29278,4556,4557,28296,28570,2,1
29279,4558,4559,28278,28898,2,1
29280,4560,4561,28290,28919,2,1
29281,4562,4563,28392,28890,2,1
29282,4564,4565,28420,28879,2,1
29283,4566,4567,28180,28659,2,1
29284,4568,4569,28125,28564,2,1
29285,4570,4571,28188,28752,2,1
29286,4572,4573,28447,28782,2,1
29287,4574,4575,28362,28739,2,1
29288,4576,4577,28383,28579,2,1
29289,4578,4579,28300,28661,2,1
29290,4580,4581,28230,28550,2,1
29291,4582,4583,28116,28687,2,1
29292,4584,4585,28418,28882,2,1
29293,4586,4587,28382,28589,2,1
29294,4588,4589,28136,28821,2,1
29295,4590,4591,28365,28590,2,1
29296,4592,4593,28410,28687,2,1
29297,4594,4595,28115,28726,2,1
29298,4596,4597,28401,28810,2,1
29299,4598,4599,28296,28551,2,1
29300,4600,4601,28168,28740,2,1
29301,4602,4603,28170,28995,2,1
29302,4604,4605,28498,28701,2,1
29303,4606,4607,28523,28785,2,1
29304,4608,4609,28278,28852,2,1
29305,4610,4611,28547,28941,2,1
29306,4612,4613,28277,28775,2,1
29307,4614,4615,28414,28970,2,1
29308,4616,4617,28348,28749,2,1
29309,4618,4619,28270,28590,2,1
29310,4620,4621,28504,28559,2,1
29311,4622,4623,28134,28632,2,1
29312,4624,4625,28267,28993,2,1
29313,4626,4627,28221,28773,2,1
29314,4628,4629,28344,28857,2,1
29315,4630,4631,28196,28992,2,1
29316,4632,4633,28348,28740,2,1
29317,4634,4635,28479,28821,2,1
29318,4636,4637,28250,28808,2,1
29319,4638,4639,28341,28972,2,1
29320,4640,4641,28363,28639,2,1
29321,4642,4643,28315,28693,2,1
29322,4644,4645,28166,28619,2,1
29323,4646,4647,28242,28695,2,1
29324,4648,4649,28385,28874,2,1
29325,4650,4651,28124,28643,2,1
29326,4652,4653,28264,28578,2,1
29327,4654,4655,28497,28808,2,1
29328,4656,4657,28521,28736,2,1
29329,4658,4659,28396,28975,2,1
29330,4660,4661,28445,28604,2,1
29331,4662,4663,28371,28802,2,1
29332,4664,4665,28276,28615,2,1
29333,4666,4667,28186,28866,2,1
29334,4668,4669,28295,28602,2,1
29335,4670,4671,28277,28787,2,1
29336,4672,4673,28522,28742,2,1
29337,4674,4675,28445,28722,2,1
29338,4676,4677,28260,28719,2,1
29339,4678,4679,28250,28972,2,1
29340,4680,4681,28508,28950,2,1
29341,4682,4683,28353,28769,2,1
29342,4684,4685,28510,28975,2,1
29343,4686,4687,28141,28617,2,1
29344,4688,4689,28106,28874,2,1
29345,4690,4691,28349,28707,2,1
29346,4692,4693,28134,28974,2,1
29347,4694,4695,28260,28663,2,1
29348,4696,4697,28127,28906,2,1
29349,4698,4699,28463,28985,2,1
29350,4700,4701,28158,28833,2,1
29351,4702,4703,28457,28833,2,1
29352,4704,4705,28218,28963,2,1
29353,4706,4707,28509,28969,2,1
29354,4708,4709,28307,28728,2,1
29355,4710,4711,28190,28622,2,1
29356,4712,4713,28392,28573,2,1
29357,4714,4715,28327,28759,2,1
29358,4716,4717,28322,28825,2,1
29359,4718,4719,28493,28636,2,1
29360,4720,4721,28479,28601,2,1
29361,4722,4723,28284,28724,2,1
29362,4724,4725,28290,28608,2,1
29363,4726,4727,28320,28989,2,1
29364,4728,4729,28320,28737,2,1
29365,4730,4731,28137,28981,2,1
29366,4732,4733,28239,28672,2,1
29367,4734,4735,28380,28843,2,1
29368,4736,4737,28423,28961,2,1
29369,4738,4739,28197,28959,2,1
29370,4740,4741,28415,28743,2,1
29371,4742,4743,28409,28903,2,1
29372,4744,4745,28378,28660,2,1
29373,4746,4747,28316,28945,2,1
29374,4748,4749,28290,28945,2,1
29375,4750,4751,28180,28920,2,1
29376,4752,4753,28178,28638,2,1
29377,4754,4755,28494,28846,2,1
29378,4756,4757,28217,28831,2,1
29379,4758,4759,28110,28953,2,1
29380,4760,4761,28519,28725,2,1
29381,4762,4763,28332,28963,2,1
29382,4764,4765,28494,28795,2,1
29383,4766,4767,28454,28577,2,1
29384,4768,4769,28406,28677,2,1
29385,4770,4771,28441,28617,2,1
29386,4772,4773,28308,28570,2,1
29387,4774,4775,28469,28904,2,1
29388,4776,4777,28228,28669,2,1
29389,4778,4779,28345,28997,2,1
29390,4780,4781,28401,28595,2,1
29391,4782,4783,28317,28657,2,1
29392,4784,4785,28530,28617,2,1
29393,4786,4787,28416,28560,2,1
29394,4788,4789,28526,28987,2,1
29395,4790,4791,28175,28729,2,1
29396,4792,4793,28378,28856,2,1
29397,4794,4795,28291,28663,2,1
29398,4796,4797,28231,28794,2,1
29399,4798,4799,28144,28597,2,1
29400,4800,4801,28326,28564,2,1
29401,4802,4803,28408,28729,2,1
29402,4804,4805,28383,28723,2,1
29403,4806,4807,28529,28982,2,1
29404,4808,4809,28304,28801,2,1
29405,4810,4811,28227,28937,2,1
29406,4812,4813,28351,28586,2,1
29407,4814,4815,28259,28968,2,1
29408,4816,4817,28344,28555,2,1
29409,4818,4819,28440,28804,2,1
29410,4820,4821,28154,28911,2,1
29411,4822,4823,28208,28834,2,1
29412,4824,4825,28228,28815,2,1
29413,4826,4827,28507,28990,2,1
29414,4828,4829,28464,28556,2,1
29415,4830,4831,28173,28970,2,1
29416,4832,4833,28413,28620,2,1
29417,4834,4835,28536,28930,2,1
29418,4836,4837,28505,28675,2,1
29419,4838,4839,28374,28753,2,1
29420,4840,4841,28463,28953,2,1
29421,4842,4843,28333,28931,2,1
29422,4844,4845,28433,28965,2,1
29423,4846,4847,28149,28761,2,1
29424,4848,4849,28481,28679,2,1
29425,4850,4851,28299,28560,2,1
29426,4852,4853,28232,28884,2,1
29427,4854,4855,28462,28642,2,1
29428,4856,4857,28164,28734,2,1
29429,4858,4859,28367,28890,2,1
29430,4860,4861,28503,28739,2,1
29431,4862,4863,28261,28638,2,1
29432,4864,4865,28407,28567,2,1
29433,4866,4867,28223,28774,2,1
29434,4868,4869,28419,28733,2,1
29435,4870,4871,28287,28675,2,1
29436,4872,4873,28174,28820,2,1
29437,4874,4875,28440,28793,2,1
29438,4876,4877,28400,28858,2,1
29439,4878,4879,28122,28960,2,1
29440,4880,4881,28518,28854,2,1
29441,4882,4883,28108,28794,2,1
29442,4884,4885,28362,28984,2,1
29443,4886,4887,28531,28898,2,1
29444,4888,4889,28325,28795,2,1
29445,4890,4891,28509,28732,2,1
29446,4892,4893,28387,28831,2,1
29447,4894,4895,28446,28958,2,1
29448,4896,4897,28515,28560,2,1
29449,4898,4899,28304,28919,2,1
29450,4900,4901,28251,28838,2,1
29451,4902,4903,28297,28582,2,1
29452,4904,4905,28320,28705,2,1
29453,4906,4907,28300,28735,2,1
29454,4908,4909,28163,28645,2,1
29455,4910,4911,28236,28897,2,1
29456,4912,4913,28416,28771,2,1
29457,4914,4915,28312,28605,2,1
29458,4916,4917,28489,28635,2,1
29459,4918,4919,28216,28577,2,1
29460,4920,4921,28169,28951,2,1
29461,4922,4923,28340,28884,2,1
29462,4924,4925,28478,28591,2,1
29463,4926,4927,28130,28780,2,1
29464,4928,4929,28377,28672,2,1
29465,4930,4931,28292,28562,2,1
29466,4932,4933,28241,28696,2,1
29467,4934,4935,28431,28647,2,1
29468,4936,4937,28201,28882,2,1
29469,4938,4939,28132,28551,2,1
29470,4940,4941,28456,28617,2,1
29471,4942,4943,28331,28994,2,1
29472,4944,4945,28176,28789,2,1
29473,4946,4947,28185,28947,2,1
29474,4948,4949,28198,28712,2,1
29475,4950,4951,28377,28810,2,1
29476,4952,4953,28301,28904,2,1
29477,4954,4955,28545,28967,2,1
29478,4956,4957,28478,28553,2,1
29479,4958,4959,28418,28738,2,1
29480,4960,4961,28183,28581,2,1
29481,4962,4963,28111,28958,2,1
29482,4964,4965,28254,28814,2,1
29483,4966,4967,28285,28884,2,1
29484,4968,4969,28512,28734,2,1
29485,4970,4971,28239,28886,2,1
29486,4972,4973,28216,28690,2,1
29487,4974,4975,28489,28582,2,1
29488,4976,4977,28456,28953,2,1
29489,4978,4979,28369,28937,2,1
29490,4980,4981,28491,28886,2,1
29491,4982,4983,28246,28601,2,1
29492,4984,4985,28518,28905,2,1
29493,4986,4987,28383,28921,2,1
29494,4988,4989,28458,28599,2,1
29495,4990,4991,28514,28597,2,1
29496,4992,4993,28346,28585,2,1
29497,4994,4995,28312,28580,2,1
29498,4996,4997,28206,28843,2,1
29499,4998,4999,28187,28965,2,1
29500,5000,5001,28547,28851,2,1
29501,5002,5003,28200,28820,2,1
29502,5004,5005,28455,28679,2,1
29503,5006,5007,28251,28903,2,1
29504,5008,5009,28192,28720,2,1
29505,5010,5011,28187,28574,2,1
29506,5012,5013,28413,28852,2,1
29507,5014,5015,28211,28902,2,1
29508,5016,5017,28232,28563,2,1
29509,5018,5019,28470,28827,2,1
29510,5020,5021,28414,28831,2,1
29511,5022,5023,28195,28961,2,1
29512,5024,5025,28485,28906,2,1
29513,5026,5027,28329,28903,2,1
29514,5028,5029,28377,28855,2,1
29515,5030,5031,28261,28914,2,1
29516,5032,5033,28315,28914,2,1
29517,5034,5035,28249,28689,2,1
29518,5036,5037,28348,28831,2,1
29519,5038,5039,28504,28552,2,1
29520,5040,5041,28155,28889,2,1
29521,5042,5043,28317,28602,2,1
29522,5044,5045,28397,28667,2,1
29523,5046,5047,28410,28990,2,1
29524,5048,5049,28340,28932,2,1
29525,5050,5051,28353,28734,2,1
29526,5052,5053,28471,28713,2,1
29527,5054,5055,28374,28567,2,1
29528,5056,5057,28247,28638,2,1
29529,5058,5059,28265,28956,2,1
29530,5060,5061,28104,28939,2,1
29531,5062,5063,28297,28793,2,1
29532,5064,5065,28147,28841,2,1
29533,5066,5067,28422,28679,2,1
29534,5068,5069,28232,28966,2,1
29535,5070,5071,28496,28991,2,1
29536,5072,5073,28423,28753,2,1
29537,5074,5075,28271,28743,2,1
29538,5076,5077,28275,28822,2,1
29539,5078,5079,28161,28994,2,1
29540,5080,5081,28480,28947,2,1
29541,5082,5083,28538,28884,2,1
29542,5084,5085,28416,28630,2,1
29543,5086,5087,28314,28828,2,1
29544,5088,5089,28510,28757,2,1
29545,5090,5091,28189,28833,2,1
29546,5092,5093,28244,28764,2,1
29547,5094,5095,28391,28890,2,1
29548,5096,5097,28119,28765,2,1
29549,5098,5099,28394,28882,2,1
29550,5100,5101,28000,28092,2,1
29551,5102,5103,28014,28067,2,1
29552,5104,5105,28021,28058,2,1
29553,5106,5107,28040,28057,2,1
29554,5108,5109,28041,28082,2,1
29555,5110,5111,28039,28064,2,1
29556,5112,5113,28025,28074,2,1
29557,5114,5115,28005,28059,2,1
29558,5116,5117,28023,28091,2,1
29559,5118,5119,28506,28823,2,1
29560,5120,5121,28205,28788,2,1
29561,5122,5123,28415,28560,2,1
29562,5124,5125,28165,28772,2,1
29563,5126,5127,28478,28553,2,1
29564,5128,5129,28331,28834,2,1
29565,5130,5131,28443,28813,2,1
29566,5132,5133,28113,28666,2,1
29567,5134,5135,28160,28575,2,1
29568,5136,5137,28234,28635,2,1
29569,5138,5139,28463,28751,2,1
29570,5140,5141,28111,28963,2,1
29571,5142,5143,28394,28724,2,1
29572,5144,5145,28166,28775,2,1
29573,5146,5147,28140,28820,2,1
29574,5148,5149,28147,28922,2,1
29575,5150,5151,28201,28759,2,1
29576,5152,5153,28176,28726,2,1
29577,5154,5155,28447,28731,2,1
29578,5156,5157,28360,28775,2,1
29579,5158,5159,28529,28634,2,1
29580,5160,5161,28497,28602,2,1
29581,5162,5163,28294,28793,2,1
29582,5164,5165,28260,28812,2,1
29583,5166,5167,28409,28655,2,1
29584,5168,5169,28229,28903,2,1
29585,5170,5171,28245,28720,2,1
29586,5172,5173,28520,28765,2,1
29587,5174,5175,28344,28849,2,1
29588,5176,5177,28456,28941,2,1
29589,5178,5179,28245,28594,2,1
29590,5180,5181,28153,28952,2,1
29591,5182,5183,28127,28920,2,1
29592,5184,5185,28341,28739,2,1
29593,5186,5187,28248,28970,2,1
29594,5188,5189,28415,28731,2,1
29595,5190,5191,28452,28561,2,1
29596,5192,5193,28435,28687,2,1
29597,5194,5195,28416,28700,2,1
29598,5196,5197,28343,28896,2,1
29599,5198,5199,28123,28989,2,1
29600,5200,5201,28346,28571,2,1
29601,5202,5203,28238,28880,2,1
29602,5204,5205,28132,28727,2,1
29603,5206,5207,28309,28860,2,1
29604,5208,5209,28349,28906,2,1
29605,5210,5211,28386,28896,2,1
29606,5212,5213,28293,28842,2,1
29607,5214,5215,28173,28806,2,1
29608,5216,5217,28525,28818,2,1
29609,5218,5219,28378,28840,2,1
29610,5220,5221,28176,28654,2,1
29611,5222,5223,28225,28855,2,1
29612,5224,5225,28153,28612,2,1
29613,5226,5227,28293,28841,2,1
29614,5228,5229,28218,28932,2,1
29615,5230,5231,28466,28637,2,1
29616,5232,5233,28480,28983,2,1
29617,5234,5235,28516,28625,2,1
29618,5236,5237,28535,28835,2,1
29619,5238,5239,28107,28824,2,1
29620,5240,5241,28234,28564,2,1
29621,5242,5243,28145,28825,2,1
29622,5244,5245,28481,28596,2,1
29623,5246,5247,28474,28610,2,1
29624,5248,5249,28154,28678,2,1
29625,5250,5251,28463,28919,2,1
29626,5252,5253,28162,28602,2,1
29627,5254,5255,28376,28577,2,1
29628,5256,5257,28454,28697,2,1
29629,5258,5259,28470,28929,2,1
29630,5260,5261,28170,28781,2,1
29631,5262,5263,28103,28627,2,1
29632,5264,5265,28465,28944,2,1
29633,5266,5267,28372,28794,2,1
29634,5268,5269,28270,28811,2,1
29635,5270,5271,28450,28649,2,1
29636,5272,5273,28113,28625,2,1
29637,5274,5275,28482,28631,2,1
29638,5276,5277,28230,28959,2,1
29639,5278,5279,28196,28698,2,1
29640,5280,5281,28453,28704,2,1
29641,5282,5283,28459,28783,2,1
29642,5284,5285,28339,28886,2,1
29643,5286,5287,28169,28806,2,1
29644,5288,5289,28517,28961,2,1
29645,5290,5291,28178,28806,2,1
29646,5292,5293,28219,28594,2,1
29647,5294,5295,28248,28716,2,1
29648,5296,5297,28189,28893,2,1
29649,5298,5299,28181,28658,2,1
29650,5300,5301,28110,28551,2,1
29651,5302,5303,28262,28923,2,1
29652,5304,5305,28421,28608,2,1
29653,5306,5307,28286,28566,2,1
29654,5308,5309,28230,28810,2,1
29655,5310,5311,28384,28832,2,1
29656,5312,5313,28215,28637,2,1
29657,5314,5315,28170,28553,2,1
29658,5316,5317,28415,28668,2,1
29659,5318,5319,28268,28877,2,1
29660,5320,5321,28388,28925,2,1
29661,5322,5323,28482,28654,2,1
29662,5324,5325,28481,28615,2,1
29663,5326,5327,28225,28934,2,1
29664,5328,5329,28351,28591,2,1
29665,5330,5331,28241,28569,2,1
29666,5332,5333,28204,28792,2,1
29667,5334,5335,28244,28920,2,1
29668,5336,5337,28145,28754,2,1
29669,5338,5339,28167,28597,2,1
29670,5340,5341,28514,28839,2,1
29671,5342,5343,28533,28602,2,1
29672,5344,5345,28461,28809,2,1
29673,5346,5347,28138,28905,2,1
29674,5348,5349,28243,28747,2,1
29675,5350,5351,28200,28812,2,1
29676,5352,5353,28166,28710,2,1
29677,5354,5355,28193,28846,2,1
29678,5356,5357,28176,28642,2,1
29679,5358,5359,28420,28922,2,1
29680,5360,5361,28522,28570,2,1
29681,5362,5363,28214,28816,2,1
29682,5364,5365,28147,28998,2,1
29683,5366,5367,28154,28612,2,1
29684,5368,5369,28366,28568,2,1
29685,5370,5371,28442,28811,2,1
29686,5372,5373,28344,28659,2,1
29687,5374,5375,28533,28923,2,1
29688,5376,5377,28173,28720,2,1
29689,5378,5379,28470,28583,2,1
29690,5380,5381,28314,28985,2,1
29691,5382,5383,28139,28640,2,1
29692,5384,5385,28364,28857,2,1
29693,5386,5387,28185,28983,2,1
29694,5388,5389,28179,28621,2,1
29695,5390,5391,28332,28750,2,1
29696,5392,5393,28266,28799,2,1
29697,5394,5395,28379,28884,2,1
29698,5396,5397,28189,28823,2,1
29699,5398,5399,28322,28860,2,1
29700,5400,5401,28449,28976,2,1
29701,5402,5403,28262,28566,2,1
29702,5404,5405,28188,28684,2,1
29703,5406,5407,28250,28591,2,1
29704,5408,5409,28432,28763,2,1
29705,5410,5411,28502,28708,2,1
29706,5412,5413,28242,28636,2,1
29707,5414,5415,28512,28987,2,1
29708,5416,5417,28392,28739,2,1
29709,5418,5419,28282,28610,2,1
29710,5420,5421,28203,28744,2,1
29711,5422,5423,28167,28876,2,1
29712,5424,5425,28138,28690,2,1
29713,5426,5427,28193,28608,2,1
29714,5428,5429,28156,28972,2,1
29715,5430,5431,28207,28830,2,1
29716,5432,5433,28439,28629,2,1
29717,5434,5435,28214,28867,2,1
29718,5436,5437,28172,28623,2,1
29719,5438,5439,28395,28825,2,1
29720,5440,5441,28350,28569,2,1
29721,5442,5443,28546,28573,2,1
29722,5444,5445,28314,28640,2,1
29723,5446,5447,28359,28883,2,1
29724,5448,5449,28462,28940,2,1
29725,5450,5451,28311,28780,2,1
29726,5452,5453,28290,28878,2,1
29727,5454,5455,28258,28849,2,1
29728,5456,5457,28330,28906,2,1
29729,5458,5459,28294,28990,2,1
29730,5460,5461,28391,28964,2,1
29731,5462,5463,28488,28717,2,1
29732,5464,5465,28378,28812,2,1
29733,5466,5467,28348,28887,2,1
29734,5468,5469,28437,28795,2,1
29735,5470,5471,28428,28900,2,1
29736,5472,5473,28216,28898,2,1
29737,5474,5475,28191,28747,2,1
29738,5476,5477,28363,28578,2,1
29739,5478,5479,28296,28762,2,1
29740,5480,5481,28140,28803,2,1
29741,5482,5483,28450,28774,2,1
29742,5484,5485,28487,28687,2,1
29743,5486,5487,28486,28709,2,1
29744,5488,5489,28423,28999,2,1
29745,5490,5491,28128,28803,2,1
29746,5492,5493,28535,28729,2,1
29747,5494,5495,28306,28788,2,1
29748,5496,5497,28163,28712,2,1
29749,5498,5499,28344,28682,2,1
29750,5500,5501,28455,28941,2,1
29751,5502,5503,28202,28724,2,1
29752,5504,5505,28526,28764,2,1
29753,5506,5507,28139,28956,2,1
29754,5508,5509,28376,28946,2,1
29755,5510,5511,28310,28736,2,1
29756,5512,5513,28544,28691,2,1
29757,5514,5515,28146,28685,2,1
29758,5516,5517,28291,28754,2,1
29759,5518,5519,28542,28979,2,1
29760,5520,5521,28137,28692,2,1
29761,5522,5523,28340,28649,2,1
29762,5524,5525,28132,28796,2,1
29763,5526,5527,28275,28559,2,1
29764,5528,5529,28246,28969,2,1
29765,5530,5531,28183,28778,2,1
29766,5532,5533,28152,28884,2,1
29767,5534,5535,28252,28915,2,1
29768,5536,5537,28196,28983,2,1
29769,5538,5539,28228,28853,2,1
29770,5540,5541,28124,28833,2,1
29771,5542,5543,28189,28917,2,1
29772,5544,5545,28340,28663,2,1
29773,5546,5547,28245,28831,2,1
29774,5548,5549,28373,28662,2,1
29775,5550,5551,28207,28808,2,1
29776,5552,5553,28109,28708,2,1
29777,5554,5555,28398,28649,2,1
29778,5556,5557,28116,28969,2,1
29779,5558,5559,28458,28650,2,1
29780,5560,5561,28250,28958,2,1
29781,5562,5563,28292,28739,2,1
29782,5564,5565,28201,28654,2,1
29783,5566,5567,28166,28869,2,1
29784,5568,5569,28176,28893,2,1
29785,5570,5571,28486,28912,2,1
29786,5572,5573,28395,28565,2,1
29787,5574,5575,28217,28579,2,1
29788,5576,5577,28382,28733,2,1
29789,5578,5579,28141,28706,2,1
29790,5580,5581,28204,28694,2,1
29791,5582,5583,28549,28644,2,1
29792,5584,5585,28450,28625,2,1
29793,5586,5587,28219,28613,2,1
29794,5588,5589,28116,28636,2,1
29795,5590,5591,28423,28594,2,1
29796,5592,5593,28234,28946,2,1
29797,5594,5595,28372,28903,2,1
29798,5596,5597,28295,28677,2,1
29799,5598,5599,28425,28618,2,1
29800,5600,5601,28397,28733,2,1
29801,5602,5603,28118,28912,2,1
29802,5604,5605,28323,28981,2,1
29803,5606,5607,28121,28791,2,1
29804,5608,5609,28498,28582,2,1
29805,5610,5611,28336,28980,2,1
29806,5612,5613,28106,28652,2,1
29807,5614,5615,28264,28768,2,1
29808,5616,5617,28124,28563,2,1
29809,5618,5619,28252,28613,2,1
29810,5620,5621,28532,28831,2,1
29811,5622,5623,28408,28884,2,1
29812,5624,5625,28164,28706,2,1
29813,5626,5627,28336,28679,2,1
29814,5628,5629,28110,28760,2,1
29815,5630,5631,28144,28689,2,1
29816,5632,5633,28420,28605,2,1
29817,5634,5635,28199,28587,2,1
29818,5636,5637,28421,28881,2,1
29819,5638,5639,28450,28997,2,1
29820,5640,5641,28209,28963,2,1
29821,5642,5643,28471,28569,2,1
29822,5644,5645,28262,28624,2,1
29823,5646,5647,28519,28932,2,1
29824,5648,5649,28507,28891,2,1
29825,5650,5651,28316,28681,2,1
29826,5652,5653,28499,28981,2,1
29827,5654,5655,28151,28881,2,1
29828,5656,5657,28475,28895,2,1
29829,5658,5659,28188,28625,2,1
29830,5660,5661,28400,28607,2,1
29831,5662,5663,28277,28659,2,1
29832,5664,5665,28132,28998,2,1
29833,5666,5667,28512,28775,2,1
29834,5668,5669,28311,28557,2,1
29835,5670,5671,28334,28800,2,1
29836,5672,5673,28334,28972,2,1
29837,5674,5675,28172,28683,2,1
29838,5676,5677,28373,28550,2,1
29839,5678,5679,28472,28961,2,1
29840,5680,5681,28329,28688,2,1
29841,5682,5683,28410,28983,2,1
29842,5684,5685,28455,28716,2,1
29843,5686,5687,28265,28941,2,1
29844,5688,5689,28262,28645,2,1
29845,5690,5691,28461,28731,2,1
29846,5692,5693,28407,28947,2,1
29847,5694,5695,28275,28849,2,1
29848,5696,5697,28346,28805,2,1
29849,5698,5699,28449,28710,2,1
29850,5700,5701,28288,28725,2,1
29851,5702,5703,28126,28622,2,1
29852,5704,5705,28188,28936,2,1
29853,5706,5707,28465,28653,2,1
29854,5708,5709,28404,28961,2,1
29855,5710,5711,28451,28942,2,1
29856,5712,5713,28235,28580,2,1
29857,5714,5715,28141,28610,2,1
29858,5716,5717,28397,28561,2,1
29859,5718,5719,28211,28612,2,1
29860,5720,5721,28510,28978,2,1
29861,5722,5723,28171,28751,2,1
29862,5724,5725,28514,28666,2,1
29863,5726,5727,28517,28820,2,1
29864,5728,5729,28227,28999,2,1
29865,5730,5731,28127,28739,2,1
29866,5732,5733,28419,28904,2,1
29867,5734,5735,28153,28744,2,1
29868,5736,5737,28209,28680,2,1
29869,5738,5739,28456,28854,2,1
29870,5740,5741,28465,28714,2,1
29871,5742,5743,28320,28753,2,1
29872,5744,5745,28438,28805,2,1
29873,5746,5747,28213,28672,2,1
29874,5748,5749,28256,28926,2,1
29875,5750,5751,28112,28674,2,1
29876,5752,5753,28308,28772,2,1
29877,5754,5755,28193,28554,2,1
29878,5756,5757,28529,28697,2,1
29879,5758,5759,28150,28879,2,1
29880,5760,5761,28217,28575,2,1
29881,5762,5763,28210,28579,2,1
29882,5764,5765,28548,28930,2,1
29883,5766,5767,28278,28978,2,1
29884,5768,5769,28202,28908,2,1
29885,5770,5771,28297,28589,2,1
29886,5772,5773,28256,28599,2,1
29887,5774,5775,28386,28837,2,1
29888,5776,5777,28266,28994,2,1
29889,5778,5779,28169,28761,2,1
29890,5780,5781,28318,28730,2,1
29891,5782,5783,28172,28610,2,1
29892,5784,5785,28132,28801,2,1
29893,5786,5787,28242,28682,2,1
29894,5788,5789,28301,28629,2,1
29895,5790,5791,28486,28947,2,1
29896,5792,5793,28371,28557,2,1
29897,5794,5795,28296,28851,2,1
29898,5796,5797,28208,28626,2,1
29899,5798,5799,28314,28559,2,1
29900,5800,5801,28121,28735,2,1
29901,5802,5803,28511,28819,2,1
29902,5804,5805,28380,28868,2,1
29903,5806,5807,28181,28616,2,1
29904,5808,5809,28490,28667,2,1
29905,5810,5811,28485,28849,2,1
29906,5812,5813,28503,28771,2,1
29907,5814,5815,28360,28852,2,1
29908,5816,5817,28492,28724,2,1
29909,5818,5819,28525,28673,2,1
29910,5820,5821,28109,28962,2,1
29911,5822,5823,28348,28744,2,1
29912,5824,5825,28343,28558,2,1
29913,5826,5827,28226,28863,2,1
29914,5828,5829,28247,28679,2,1
29915,5830,5831,28151,28574,2,1
29916,5832,5833,28312,28956,2,1
29917,5834,5835,28500,28723,2,1
29918,5836,5837,28529,28697,2,1
29919,5838,5839,28432,28581,2,1
29920,5840,5841,28294,28627,2,1
29921,5842,5843,28437,28697,2,1
29922,5844,5845,28135,28681,2,1
29923,5846,5847,28215,28552,2,1
29924,5848,5849,28331,28598,2,1
29925,5850,5851,28486,28753,2,1
29926,5852,5853,28534,28837,2,1
29927,5854,5855,28107,28932,2,1
29928,5856,5857,28343,28733,2,1
29929,5858,5859,28321,28649,2,1
29930,5860,5861,28242,28903,2,1
29931,5862,5863,28517,28777,2,1
29932,5864,5865,28471,28816,2,1
29933,5866,5867,28262,28885,2,1
29934,5868,5869,28458,28756,2,1
29935,5870,5871,28252,28650,2,1
29936,5872,5873,28209,28634,2,1
29937,5874,5875,28402,28816,2,1
29938,5876,5877,28396,28887,2,1
29939,5878,5879,28109,28904,2,1
29940,5880,5881,28119,28919,2,1
29941,5882,5883,28469,28841,2,1
29942,5884,5885,28174,28970,2,1
29943,5886,5887,28371,28657,2,1
29944,5888,5889,28341,28681,2,1
29945,5890,5891,28502,28604,2,1
29946,5892,5893,28522,28946,2,1
29947,5894,5895,28217,28568,2,1
29948,5896,5897,28487,28873,2,1
29949,5898,5899,28237,28687,2,1
29950,5900,5901,28538,28568,2,1
29951,5902,5903,28483,28564,2,1
29952,5904,5905,28114,28662,2,1
29953,5906,5907,28247,28693,2,1
29954,5908,5909,28332,28845,2,1
29955,5910,5911,28192,28860,2,1
29956,5912,5913,28260,28741,2,1
29957,5914,5915,28214,28599,2,1
29958,5916,5917,28162,28649,2,1
29959,5918,5919,28231,28871,2,1
29960,5920,5921,28286,28846,2,1
29961,5922,5923,28530,28946,2,1
29962,5924,5925,28196,28927,2,1
29963,5926,5927,28280,28718,2,1
29964,5928,5929,28381,28923,2,1
29965,5930,5931,28287,28569,2,1
29966,5932,5933,28150,28928,2,1
29967,5934,5935,28122,28673,2,1
29968,5936,5937,28452,28578,2,1
29969,5938,5939,28542,28680,2,1
29970,5940,5941,28239,28989,2,1
29971,5942,5943,28277,28743,2,1
29972,5944,5945,28404,28766,2,1
29973,5946,5947,28187,28727,2,1
29974,5948,5949,28487,28841,2,1
29975,5950,5951,28380,28645,2,1
29976,5952,5953,28490,28754,2,1
29977,5954,5955,28481,28572,2,1
29978,5956,5957,28523,28913,2,1
29979,5958,5959,28463,28788,2,1
29980,5960,5961,28451,28999,2,1
29981,5962,5963,28517,28806,2,1
29982,5964,5965,28203,28661,2,1
29983,5966,5967,28204,28948,2,1
29984,5968,5969,28218,28997,2,1
29985,5970,5971,28255,28615,2,1
29986,5972,5973,28164,28886,2,1
29987,5974,5975,28541,28788,2,1
29988,5976,5977,28316,28866,2,1
29989,5978,5979,28322,28890,2,1
29990,5980,5981,28141,28607,2,1
29991,5982,5983,28493,28614,2,1
29992,5984,5985,28532,28837,2,1
29993,5986,5987,28142,28727,2,1
29994,5988,5989,28434,28602,2,1
29995,5990,5991,28457,28607,2,1
29996,5992,5993,28334,28836,2,1
29997,5994,5995,28501,28645,2,1
29998,5996,5997,28229,28875,2,1
29999,5998,5999,28540,28596,2,1
28000,2000,2001,27019,27094,1,2
28001,2002,2003,27041,27072,1,2
28002,2004,2005,27045,27067,1,2
28003,2006,2007,27018,27055,1,2
28004,2008,2009,27041,27099,1,2
28005,2010,2011,27030,27077,1,2
28006,2012,2013,27022,27079,1,2
28007,2014,2015,27011,27082,1,2
28008,2016,2017,27002,27056,1,2
28009,2018,2019,27038,27055,1,2
28010,2020,2021,27045,27084,1,2
28011,2022,2023,27033,27058,1,2
28012,2024,2025,27047,27075,1,2
28013,2026,2027,27014,27064,1,2
28014,2028,2029,27030,27086,1,2
28015,2030,2031,27045,27074,1,2
28016,2032,2033,27002,27076,1,2
28017,2034,2035,27027,27062,1,2
28018,2036,2037,27039,27085,1,2
28019,2038,2039,27014,27056,1,2
28020,2040,2041,27047,27088,1,2
28021,2042,2043,27024,27095,1,2
28022,2044,2045,27039,27065,1,2
28023,2046,2047,27041,27088,1,2
28024,2048,2049,27002,27081,1,2
28025,2050,2051,27045,27052,1,2
28026,2052,2053,27037,27095,1,2
28027,2054,2055,27016,27076,1,2
28028,2056,2057,27007,27056,1,2
28029,2058,2059,27026,27057,1,2
28030,2060,2061,27038,27066,1,2
28031,2062,2063,27018,27075,1,2
28032,2064,2065,27031,27068,1,2
28033,2066,2067,27021,27078,1,2
28034,2068,2069,27005,27098,1,2
28035,2070,2071,27035,27055,1,2
28036,2072,2073,27009,27062,1,2
28037,2074,2075,27021,27050,1,2
28038,2076,2077,27014,27098,1,2
28039,2078,2079,27007,27071,1,2
28040,2080,2081,27025,27084,1,2
28041,2082,2083,27043,27058,1,2
28042,2084,2085,27008,27073,1,2
28043,2086,2087,27047,27068,1,2
28044,2088,2089,27022,27093,1,2
28045,2090,2091,27026,27055,1,2
28046,2092,2093,27035,27067,1,2
28047,2094,2095,27047,27097,1,2
28048,2096,2097,27020,27053,1,2
28049,2098,2099,27022,27067,1,2
28050,2100,2101,27042,27097,1,2
28051,2102,2103,27026,27052,1,2
28052,2104,2105,27016,27070,1,2
28053,2106,2107,27045,27062,1,2
28054,2108,2109,27037,27083,1,2
28055,2110,2111,27045,27077,1,2
28056,2112,2113,27025,27074,1,2
28057,2114,2115,27028,27068,1,2
28058,2116,2117,27038,27091,1,2
28059,2118,2119,27006,27053,1,2
28060,2120,2121,27024,27098,1,2
28061,2122,2123,27047,27083,1,2
28062,2124,2125,27018,27066,1,2
28063,2126,2127,27045,27050,1,2
28064,2128,2129,27013,27089,1,2
28065,2130,2131,27006,27053,1,2
28066,2132,2133,27049,27066,1,2
28067,2134,2135,27038,27061,1,2
28068,2136,2137,27048,27078,1,2
28069,2138,2139,27003,27071,1,2
28070,2140,2141,27004,27060,1,2
28071,2142,2143,27002,27053,1,2
28072,2144,2145,27029,27085,1,2
28073,2146,2147,27041,27060,1,2
28074,2148,2149,27000,27082,1,2
28075,2150,2151,27026,27052,1,2
28076,2152,2153,27048,27090,1,2
28077,2154,2155,27009,27065,1,2
28078,2156,2157,27029,27053,1,2
28079,2158,2159,27028,27087,1,2
28080,2160,2161,27049,27084,1,2
28081,2162,2163,27023,27057,1,2
28082,2164,2165,27040,27054,1,2
28083,2166,2167,27018,27093,1,2
28084,2168,2169,27030,27069,1,2
28085,2170,2171,27036,27087,1,2
28086,2172,2173,27016,27085,1,2
28087,2174,2175,27027,27090,1,2
28088,2176,2177,27024,27050,1,2
28089,2178,2179,27037,27051,1,2
28090,2180,2181,27028,27065,1,2
28091,2182,2183,27042,27060,1,2
28092,2184,2185,27021,27079,1,2
28093,2186,2187,27047,27095,1,2
28094,2188,2189,27024,27070,1,2
28095,2190,2191,27032,27085,1,2
28096,2192,2193,27046,27094,1,2
28097,2194,2195,27030,27081,1,2
28098,2196,2197,27016,27081,1,2
28099,2198,2199,27012,27073,1,2
28100,2200,2201,27008,27067,2,2
28101,2202,2203,27015,27055,2,2
28102,2204,2205,27031,27055,2,2
28103,2206,2207,27020,27061,2,2
28104,2208,2209,27018,27067,2,2
28105,2210,2211,27049,27068,2,2
28106,2212,2213,27046,27097,2,2
28107,2214,2215,27047,27064,2,2
28108,2216,2217,27012,27070,2,2
28109,2218,2219,27041,27058,2,2
28110,2220,2221,27024,27089,2,2
28111,2222,2223,27431,27845,2,2
28112,2224,2225,27109,27749,2,2
28113,2226,2227,27190,27897,2,2
28114,2228,2229,27201,27844,2,2
28115,2230,2231,27104,27575,2,2
28116,2232,2233,27104,27974,2,2
28117,2234,2235,27424,27646,2,2
28118,2236,2237,27257,27740,2,2
28119,2238,2239,27431,27969,2,2
28120,2240,2241,27175,27969,2,2
28121,2242,2243,27163,27983,2,2
28122,2244,2245,27330,27709,2,2
28123,2246,2247,27370,27957,2,2
28124,2248,2249,27262,27781,2,2
28125,2250,2251,27493,27992,2,2
28126,2252,2253,27485,27818,2,2
28127,2254,2255,27112,27696,2,2
28128,2256,2257,27536,27957,2,2
28129,2258,2259,27311,27951,2,2
28130,2260,2261,27286,27960,2,2
28131,2262,2263,27374,27838,2,2
28132,2264,2265,27174,27846,2,2
28133,2266,2267,27430,27711,2,2
28134,2268,2269,27132,27674,2,2
28135,2270,2271,27394,27641,2,2
28136,2272,2273,27456,27981,2,2
28137,2274,2275,27233,27815,2,2
28138,2276,2277,27547,27881,2,2
28139,2278,2279,27534,27842,2,2
28140,2280,2281,27425,27962,2,2
28141,2282,2283,27187,27572,2,2
28142,2284,2285,27102,27876,2,2
28143,2286,2287,27171,27967,2,2
28144,2288,2289,27148,27557,2,2
28145,2290,2291,27412,27783,2,2
28146,2292,2293,27323,27734,2,2
28147,2294,2295,27249,27745,2,2
28148,2296,2297,27473,27856,2,2
28149,2298,2299,27342,27833,2,2
28150,2300,2301,27534,27724,2,2
28151,2302,2303,27357,27841,2,2
28152,2304,2305,27144,27898,2,2
28153,2306,2307,27478,27896,2,2
28154,2308,2309,27305,27973,2,2
28155,2310,2311,27161,27577,2,2
28156,2312,2313,27444,27874,2,2
28157,2314,2315,27361,27787,2,2
28158,2316,2317,27433,27991,2,2
28159,2318,2319,27483,27883,2,2
28160,2320,2321,27426,27990,2,2
28161,2322,2323,27343,27563,2,2
28162,2324,2325,27271,27979,2,2
28163,2326,2327,27189,27579,2,2
28164,2328,2329,27230,27885,2,2
28165,2330,2331,27159,27650,2,2
28166,2332,2333,27304,27822,2,2
28167,2334,2335,27293,27616,2,2
28168,2336,2337,27471,27885,2,2
28169,2338,2339,27304,27723,2,2
28170,2340,2341,27290,27804,2,2
28171,2342,2343,27135,27869,2,2
28172,2344,2345,27356,27626,2,2
28173,2346,2347,27198,27649,2,2
28174,2348,2349,27317,27594,2,2
28175,2350,2351,27243,27729,2,2
28176,2352,2353,27302,27626,2,2
28177,2354,2355,27338,27779,2,2
28178,2356,2357,27423,27851,2,2
28179,2358,2359,27448,27981,2,2
28180,2360,2361,27103,27827,2,2
28181,2362,2363,27508,27792,2,2
28182,2364,2365,27231,27830,2,2
28183,2366,2367,27500,27766,2,2
28184,2368,2369,27117,27874,2,2
28185,2370,2371,27447,27588,2,2
28186,2372,2373,27115,27622,2,2
28187,2374,2375,27465,27704,2,2
28188,2376,2377,27126,27654,2,2
28189,2378,2379,27310,27726,2,2
28190,2380,2381,27338,27556,2,2
28191,2382,2383,27193,27891,2,2
28192,2384,2385,27470,27754,2,2
28193,2386,2387,27371,27962,2,2
28194,2388,2389,27457,27820,2,2
28195,2390,2391,27397,27875,2,2
28196,2392,2393,27508,27734,2,2
28197,2394,2395,27546,27700,2,2
28198,2396,2397,27299,27913,2,2
28199,2398,2399,27277,27789,2,2
28200,2400,2401,27197,27752,2,2
28201,2402,2403,27275,27800,2,2
28202,2404,2405,27278,27930,2,2
28203,2406,2407,27340,27683,2,2
28204,2408,2409,27307,27665,2,2
28205,2410,2411,27329,27573,2,2
28206,2412,2413,27167,27870,2,2
28207,2414,2415,27359,27579,2,2
28208,2416,2417,27387,27930,2,2
28209,2418,2419,27386,27615,2,2
28210,2420,2421,27217,27560,2,2
28211,2422,2423,27507,27822,2,2
28212,2424,2425,27378,27747,2,2
28213,2426,2427,27495,27923,2,2
28214,2428,2429,27537,27737,2,2
28215,2430,2431,27345,27631,2,2
28216,2432,2433,27218,27834,2,2
28217,2434,2435,27105,27837,2,2
28218,2436,2437,27377,27668,2,2
28219,2438,2439,27158,27563,2,2
28220,2440,2441,27303,27596,2,2
28221,2442,2443,27164,27700,2,2
28222,2444,2445,27270,27760,2,2
28223,2446,2447,27426,27778,2,2
28224,2448,2449,27326,27960,2,2
28225,2450,2451,27493,27998,2,2
28226,2452,2453,27439,27917,2,2
28227,2454,2455,27174,27682,2,2
28228,2456,2457,27318,27767,2,2
28229,2458,2459,27198,27606,2,2
28230,2460,2461,27480,27875,2,2
28231,2462,2463,27451,27883,2,2
28232,2464,2465,27493,27702,2,2
28233,2466,2467,27154,27878,2,2
28234,2468,2469,27287,27942,2,2
28235,2470,2471,27282,27904,2,2
28236,2472,2473,27504,27859,2,2
28237,2474,2475,27394,27937,2,2
28238,2476,2477,27248,27784,2,2
28239,2478,2479,27462,27940,2,2
28240,2480,2481,27243,27735,2,2
28241,2482,2483,27305,27871,2,2
28242,2484,2485,27147,27875,2,2
28243,2486,2487,27493,27642,2,2
28244,2488,2489,27376,27652,2,2
28245,2490,2491,27230,27868,2,2
28246,2492,2493,27132,27944,2,2
28247,2494,2495,27189,27770,2,2
28248,2496,2497,27244,27603,2,2
28249,2498,2499,27539,27917,2,2
28250,2500,2501,27492,27906,2,2
28251,2502,2503,27432,27635,2,2
28252,2504,2505,27474,27578,2,2
28253,2506,2507,27223,27625,2,2
28254,2508,2509,27235,27686,2,2
28255,2510,2511,27328,27975,2,2
28256,2512,2513,27206,27782,2,2
28257,2514,2515,27387,27865,2,2
28258,2516,2517,27216,27552,2,2
28259,2518,2519,27278,27810,2,2
28260,2520,2521,27133,27722,2,2
28261,2522,2523,27522,27662,2,2
28262,2524,2525,27345,27644,2,2
28263,2526,2527,27272,27925,2,2
28264,2528,2529,27285,27863,2,2
28265,2530,2531,27135,27575,2,2
28266,2532,2533,27197,27775,2,2
28267,2534,2535,27128,27649,2,2
28268,2536,2537,27319,27786,2,2
28269,2538,2539,27431,27737,2,2
28270,2540,2541,27334,27766,2,2
28271,2542,2543,27431,27751,2,2
28272,2544,2545,27310,27675,2,2
28273,2546,2547,27343,27646,2,2
28274,2548,2549,27253,27607,2,2
28275,2550,2551,27270,27829,2,2
28276,2552,2553,27429,27929,2,2
28277,2554,2555,27545,27765,2,2
28278,2556,2557,27119,27910,2,2
28279,2558,2559,27275,27778,2,2
28280,2560,2561,27229,27810,2,2
28281,2562,2563,27217,27867,2,2
28282,2564,2565,27421,27934,2,2
28283,2566,2567,27199,27562,2,2
28284,2568,2569,27527,27661,2,2
28285,2570,2571,27373,27770,2,2
28286,2572,2573,27380,27875,2,2
28287,2574,2575,27327,27911,2,2
28288,2576,2577,27170,27954,2,2
28289,2578,2579,27173,27610,2,2
28290,2580,2581,27303,27955,2,2
28291,2582,2583,27416,27868,2,2
28292,2584,2585,27470,27699,2,2
28293,2586,2587,27313,27989,2,2
28294,2588,2589,27464,27599,2,2
28295,2590,2591,27265,27869,2,2
28296,2592,2593,27280,27743,2,2
28297,2594,2595,27311,27586,2,2
28298,2596,2597,27511,27574,2,2
28299,2598,2599,27425,27876,2,2
28300,2600,2601,27125,27851,2,2
28301,2602,2603,27495,27573,2,2
28302,2604,2605,27307,27688,2,2
28303,2606,2607,27129,27836,2,2
28304,2608,2609,27310,27631,2,2
28305,2610,2611,27526,27735,2,2
28306,2612,2613,27281,27853,2,2
28307,2614,2615,27402,27816,2,2
28308,2616,2617,27153,27688,2,2
28309,2618,2619,27235,27987,2,2
28310,2620,2621,27291,27729,2,2
28311,2622,2623,27269,27871,2,2
28312,2624,2625,27252,27755,2,2
28313,2626,2627,27503,27786,2,2
28314,2628,2629,27215,27688,2,2
28315,2630,2631,27122,27837,2,2
28316,2632,2633,27112,27891,2,2
28317,2634,2635,27365,27851,2,2
28318,2636,2637,27204,27932,2,2
28319,2638,2639,27527,27671,2,2
28320,2640,2641,27434,27730,2,2
28321,2642,2643,27206,27570,2,2
28322,2644,2645,27216,27618,2,2
28323,2646,2647,27330,27886,2,2
28324,2648,2649,27492,27748,2,2
28325,2650,2651,27273,27922,2,2
28326,2652,2653,27152,27649,2,2
28327,2654,2655,27305,27867,2,2
28328,2656,2657,27505,27758,2,2
28329,2658,2659,27456,27982,2,2
28330,2660,2661,27285,27807,2,2
28331,2662,2663,27421,27973,2,2
28332,2664,2665,27399,27866,2,2
28333,2666,2667,27196,27754,2,2
28334,2668,2669,27420,27762,2,2
28335,2670,2671,27507,27896,2,2
28336,2672,2673,27359,27607,2,2
28337,2674,2675,27325,27756,2,2
28338,2676,2677,27291,27719,2,2
28339,2678,2679,27144,27742,2,2
28340,2680,2681,27423,27985,2,2
28341,2682,2683,27348,27940,2,2
28342,2684,2685,27287,27615,2,2
28343,2686,2687,27115,27961,2,2
28344,2688,2689,27255,27598,2,2
28345,2690,2691,27102,27763,2,2
28346,2692,2693,27136,27725,2,2
28347,2694,2695,27295,27687,2,2
28348,2696,2697,27343,27806,2,2
28349,2698,2699,27214,27722,2,2
28350,2700,2701,27296,27601,2,2
28351,2702,2703,27343,27760,2,2
28352,2704,2705,27287,27567,2,2
28353,2706,2707,27195,27930,2,2
28354,2708,2709,27181,27914,2,2
28355,2710,2711,27339,27757,2,2
28356,2712,2713,27538,27682,2,2
28357,2714,2715,27440,27572,2,2
28358,2716,2717,27396,27682,2,2
28359,2718,2719,27146,27862,2,2
28360,2720,2721,27531,27553,2,2
28361,2722,2723,27364,27818,2,2
28362,2724,2725,27115,27887,2,2
28363,2726,2727,27358,27720,2,2
28364,2728,2729,27256,27745,2,2
28365,2730,2731,27320,27628,2,2
28366,2732,2733,27518,27620,2,2
28367,2734,2735,27329,27716,2,2
28368,2736,2737,27401,27806,2,2
28369,2738,2739,27121,27868,2,2
28370,2740,2741,27378,27745,2,2
28371,2742,2743,27484,27593,2,2
28372,2744,2745,27466,27575,2,2
28373,2746,2747,27393,27886,2,2
28374,2748,2749,27106,27983,2,2
28375,2750,2751,27289,27592,2,2
28376,2752,2753,27389,27739,2,2
28377,2754,2755,27330,27761,2,2
28378,2756,2757,27184,27949,2,2
28379,2758,2759,27156,27873,2,2
28380,2760,2761,27531,27739,2,2
28381,2762,2763,27210,27872,2,2
28382,2764,2765,27283,27767,2,2
28383,2766,2767,27152,27844,2,2
28384,2768,2769,27258,27842,2,2
28385,2770,2771,27468,27639,2,2
28386,2772,2773,27514,27570,2,2
28387,2774,2775,27468,27793,2,2
28388,2776,2777,27126,27571,2,2
28389,2778,2779,27547,27931,2,2
28390,2780,2781,27264,27679,2,2
28391,2782,2783,27165,27752,2,2
28392,2784,2785,27172,27747,2,2
28393,2786,2787,27301,27979,2,2
28394,2788,2789,27112,27876,2,2
28395,2790,2791,27135,27627,2,2
28396,2792,2793,27146,27718,2,2
28397,2794,2795,27498,27778,2,2
28398,2796,2797,27199,27626,2,2
28399,2798,2799,27395,27886,2,2
28400,2800,2801,27474,27712,2,2
28401,2802,2803,27465,27984,2,2
28402,2804,2805,27108,27623,2,2
28403,2806,2807,27397,27947,2,2
28404,2808,2809,27408,27803,2,2
28405,2810,2811,27260,27750,2,2
28406,2812,2813,27508,27865,2,2
28407,2814,2815,27112,27684,2,2
28408,2816,2817,27423,27896,2,2
28409,2818,2819,27397,27633,2,2
28410,2820,2821,27489,27724,2,2
28411,2822,2823,27125,27812,2,2
28412,2824,2825,27394,27660,2,2
28413,2826,2827,27349,27569,2,2
28414,2828,2829,27259,27984,2,2
28415,2830,2831,27153,27752,2,2
28416,2832,2833,27484,27583,2,2
28417,2834,2835,27256,27788,2,2
28418,2836,2837,27249,27838,2,2
28419,2838,2839,27522,27741,2,2
28420,2840,2841,27203,27714,2,2
28421,2842,2843,27176,27703,2,2
28422,2844,2845,27143,27687,2,2
28423,2846,2847,27212,27603,2,2
28424,2848,2849,27220,27611,2,2
28425,2850,2851,27176,27867,2,2
28426,2852,2853,27238,27667,2,2
28427,2854,2855,27148,27917,2,2
28428,2856,2857,27482,27897,2,2
28429,2858,2859,27285,27673,2,2
28430,2860,2861,27214,27858,2,2
28431,2862,2863,27155,27883,2,2
28432,2864,2865,27387,27603,2,2
28433,2866,2867,27234,27688,2,2
28434,2868,2869,27334,27819,2,2
28435,2870,2871,27522,27904,2,2
28436,2872,2873,27314,27584,2,2
28437,2874,2875,27392,27996,2,2
28438,2876,2877,27116,27590,2,2
28439,2878,2879,27189,27578,2,2
28440,2880,2881,27391,27722,2,2
28441,2882,2883,27335,27595,2,2
28442,2884,2885,27368,27642,2,2
28443,2886,2887,27263,27657,2,2
28444,2888,2889,27502,27828,2,2
28445,2890,2891,27277,27802,2,2
28446,2892,2893,27375,27694,2,2
28447,2894,2895,27201,27610,2,2
28448,2896,2897,27155,27601,2,2
28449,2898,2899,27319,27880,2,2
28450,2900,2901,27171,27632,2,2
28451,2902,2903,27191,27653,2,2
28452,2904,2905,27367,27604,2,2
28453,2906,2907,27285,27800,2,2
28454,2908,2909,27225,27966,2,2
28455,2910,2911,27157,27727,2,2
28456,2912,2913,27356,27573,2,2
28457,2914,2915,27216,27673,2,2
28458,2916,2917,27272,27606,2,2
28459,2918,2919,27261,27910,2,2
28460,2920,2921,27416,27807,2,2
28461,2922,2923,27514,27683,2,2
28462,2924,2925,27125,27758,2,2
28463,2926,2927,27349,27820,2,2
28464,2928,2929,27156,27569,2,2
28465,2930,2931,27176,27937,2,2
28466,2932,2933,27346,27902,2,2
28467,2934,2935,27428,27985,2,2
28468,2936,2937,27536,27992,2,2
28469,2938,2939,27283,27861,2,2
28470,2940,2941,27427,27714,2,2
28471,2942,2943,27234,27710,2,2
28472,2944,2945,27359,27797,2,2
28473,2946,2947,27326,27725,2,2
28474,2948,2949,27220,27922,2,2
28475,2950,2951,27323,27763,2,2
28476,2952,2953,27128,27809,2,2
28477,2954,2955,27376,27944,2,2
28478,2956,2957,27243,27881,2,2
28479,2958,2959,27478,27664,2,2
28480,2960,2961,27445,27697,2,2
28481,2962,2963,27168,27691,2,2
28482,2964,2965,27548,27804,2,2
28483,2966,2967,27320,27997,2,2
28484,2968,2969,27519,27964,2,2
28485,2970,2971,27240,27629,2,2
28486,2972,2973,27436,27885,2,2
28487,2974,2975,27434,27779,2,2
28488,2976,2977,27502,27671,2,2
28489,2978,2979,27327,27604,2,2
28490,2980,2981,27209,27808,2,2
28491,2982,2983,27413,27716,2,2
28492,2984,2985,27432,27837,2,2
28493,2986,2987,27434,27845,2,2
28494,2988,2989,27318,27908,2,2
28495,2990,2991,27294,27847,2,2
28496,2992,2993,27525,27919,2,2
28497,2994,2995,27357,27998,2,2
28498,2996,2997,27478,27618,2,2
28499,2998,2999,27396,27991,2,2
28500,3000,3001,27155,27584,2,2
28501,3002,3003,27522,27790,2,2
28502,3004,3005,27510,27878,2,2
28503,3006,3007,27211,27650,2,2
28504,3008,3009,27378,27767,2,2
28505,3010,3011,27333,27943,2,2
28506,3012,3013,27317,27967,2,2
28507,3014,3015,27180,27615,2,2
28508,3016,3017,27109,27598,2,2
28509,3018,3019,27413,27844,2,2
28510,3020,3021,27525,27630,2,2
28511,3022,3023,27328,27633,2,2
28512,3024,3025,27477,27888,2,2
28513,3026,3027,27536,27893,2,2
28514,3028,3029,27290,27978,2,2
28515,3030,3031,27106,27695,2,2
28516,3032,3033,27294,27614,2,2
28517,3034,3035,27312,27892,2,2
28518,3036,3037,27346,27588,2,2
28519,3038,3039,27138,27944,2,2
28520,3040,3041,27110,27826,2,2
28521,3042,3043,27389,27731,2,2
28522,3044,3045,27210,27647,2,2
28523,3046,3047,27395,27674,2,2
28524,3048,3049,27137,27920,2,2
28525,3050,3051,27339,27849,2,2
28526,3052,3053,27375,27765,2,2
28527,3054,3055,27528,27757,2,2
28528,3056,3057,27163,27827,2,2
28529,3058,3059,27403,27550,2,2
28530,3060,3061,27305,27938,2,2
28531,3062,3063,27204,27721,2,2
28532,3064,3065,27517,27897,2,2
28533,3066,3067,27222,27751,2,2
28534,3068,3069,27494,27810,2,2
28535,3070,3071,27336,27779,2,2
28536,3072,3073,27434,27962,2,2
28537,3074,3075,27336,27633,2,2
28538,3076,3077,27203,27680,2,2
28539,3078,3079,27405,27677,2,2
28540,3080,3081,27318,27765,2,2
28541,3082,3083,27512,27598,2,2
28542,3084,3085,27161,27677,2,2
28543,3086,3087,27473,27550,2,2
28544,3088,3089,27139,27993,2,2
28545,3090,3091,27322,27769,2,2
28546,3092,3093,27121,27959,2,2
28547,3094,3095,27322,27629,2,2
28548,3096,3097,27502,27717,2,2
28549,3098,3099,27307,27886,2,2
28550,3100,3101,27014,27084,2,2
28551,3102,3103,27035,27084,2,2
28552,3104,3105,27039,27080,2,2
28553,3106,3107,27006,27081,2,2
28554,3108,3109,27037,27097,2,2
28555,3110,3111,27143,27601,2,2
28556,3112,3113,27157,27643,2,2
28557,3114,3115,27286,27984,2,2
28558,3116,3117,27456,27773,2,2
28559,3118,3119,27123,27793,2,2
28560,3120,3121,27539,27821,2,2
28561,3122,3123,27276,27923,2,2
28562,3124,3125,27117,27585,2,2
28563,3126,3127,27238,27622,2,2
28564,3128,3129,27346,27844,2,2
28565,3130,3131,27333,27725,2,2
28566,3132,3133,27129,27755,2,2
28567,3134,3135,27122,27973,2,2
28568,3136,3137,27532,27830,2,2
28569,3138,3139,27355,27944,2,2
28570,3140,3141,27166,27802,2,2
28571,3142,3143,27193,27825,2,2
28572,3144,3145,27529,27812,2,2
28573,3146,3147,27156,27879,2,2
28574,3148,3149,27271,27657,2,2
28575,3150,3151,27407,27792,2,2
28576,3152,3153,27385,27907,2,2
28577,3154,3155,27247,27902,2,2
28578,3156,3157,27408,27598,2,2
28579,3158,3159,27503,27835,2,2
28580,3160,3161,27402,27683,2,2
28581,3162,3163,27151,27993,2,2
28582,3164,3165,27539,27865,2,2
28583,3166,3167,27266,27698,2,2
28584,3168,3169,27135,27898,2,2
28585,3170,3171,27321,27824,2,2
28586,3172,3173,27432,27994,2,2
28587,3174,3175,27489,27766,2,2
28588,3176,3177,27117,27708,2,2
28589,3178,3179,27446,27780,2,2
28590,3180,3181,27341,27609,2,2
28591,3182,3183,27531,27915,2,2
28592,3184,3185,27109,27780,2,2
28593,3186,3187,27128,27974,2,2
28594,3188,3189,27215,27992,2,2
28595,3190,3191,27190,27652,2,2
28596,3192,3193,27194,27997,2,2
28597,3194,3195,27273,27727,2,2
28598,3196,3197,27119,27625,2,2
28599,3198,3199,27223,27859,2,2
28600,3200,3201,27339,27978,2,2
28601,3202,3203,27137,27724,2,2
28602,3204,3205,27237,27622,2,2
28603,3206,3207,27189,27670,2,2
28604,3208,3209,27182,27797,2,2
28605,3210,3211,27444,27791,2,2
28606,3212,3213,27416,27686,2,2
28607,3214,3215,27336,27642,2,2
28608,3216,3217,27390,27828,2,2
28609,3218,3219,27376,27692,2,2
28610,3220,3221,27469,27646,2,2
28611,3222,3223,27242,27990,2,2
28612,3224,3225,27391,27727,2,2
28613,3226,3227,27412,27921,2,2
28614,3228,3229,27320,27955,2,2
28615,3230,3231,27281,27745,2,2
28616,3232,3233,27313,27875,2,2
28617,3234,3235,27299,27676,2,2
28618,3236,3237,27177,27900,2,2
28619,3238,3239,27430,27895,2,2
28620,3240,3241,27362,27935,2,2
28621,3242,3243,27505,27633,2,2
28622,3244,3245,27497,27701,2,2
28623,3246,3247,27186,27566,2,2
28624,3248,3249,27170,27724,2,2
28625,3250,3251,27468,27844,2,2
28626,3252,3253,27313,27583,2,2
28627,3254,3255,27301,27932,2,2
28628,3256,3257,27445,27883,2,2
28629,3258,3259,27140,27799,2,2
28630,3260,3261,27128,27996,2,2
28631,3262,3263,27439,27687,2,2
28632,3264,3265,27273,27616,2,2
28633,3266,3267,27535,27812,2,2
28634,3268,3269,27520,27911,2,2
28635,3270,3271,27252,27562,2,2
28636,3272,3273,27387,27596,2,2
28637,3274,3275,27171,27960,2,2
28638,3276,3277,27336,27831,2,2
28639,3278,3279,27383,27827,2,2
28640,3280,3281,27127,27786,2,2
28641,3282,3283,27495,27638,2,2
28642,3284,3285,27543,27633,2,2
28643,3286,3287,27139,27767,2,2
28644,3288,3289,27244,27946,2,2
28645,3290,3291,27511,27745,2,2
28646,3292,3293,27520,27968,2,2
28647,3294,3295,27230,27842,2,2
28648,3296,3297,27179,27724,2,2
28649,3298,3299,27161,27698,2,2
28650,3300,3301,27266,27891,2,2
28651,3302,3303,27238,27868,2,2
28652,3304,3305,27469,27949,2,2
28653,3306,3307,27500,27758,2,2
28654,3308,3309,27364,27848,2,2
28655,3310,3311,27328,27738,2,2
28656,3312,3313,27407,27606,2,2
28657,3314,3315,27182,27743,2,2
28658,3316,3317,27287,27962,2,2
28659,3318,3319,27121,27922,2,2
28660,3320,3321,27410,27770,2,2
28661,3322,3323,27106,27590,2,2
28662,3324,3325,27498,27769,2,2
28663,3326,3327,27189,27665,2,2
28664,3328,3329,27131,27852,2,2
28665,3330,3331,27530,27848,2,2
28666,3332,3333,27312,27825,2,2
28667,3334,3335,27524,27996,2,2
28668,3336,3337,27100,27801,2,2
28669,3338,3339,27318,27552,2,2
28670,3340,3341,27549,27743,2,2
28671,3342,3343,27435,27730,2,2
28672,3344,3345,27220,27690,2,2
28673,3346,3347,27539,27936,2,2
28674,3348,3349,27194,27931,2,2
28675,3350,3351,27292,27875,2,2
28676,3352,3353,27473,27829,2,2
28677,3354,3355,27387,27880,2,2
28678,3356,3357,27276,27890,2,2
28679,3358,3359,27367,27758,2,2
28680,3360,3361,27167,27639,2,2
28681,3362,3363,27488,27963,2,2
28682,3364,3365,27517,27605,2,2
28683,3366,3367,27306,27969,2,2
28684,3368,3369,27346,27935,2,2
28685,3370,3371,27172,27637,2,2
28686,3372,3373,27202,27973,2,2
28687,3374,3375,27319,27821,2,2
28688,3376,3377,27541,27627,2,2
28689,3378,3379,27356,27757,2,2
28690,3380,3381,27349,27726,2,2
28691,3382,3383,27259,27584,2,2
28692,3384,3385,27214,27555,2,2
28693,3386,3387,27135,27784,2,2
28694,3388,3389,27370,27607,2,2
28695,3390,3391,27427,27559,2,2
28696,3392,3393,27185,27723,2,2
28697,3394,3395,27314,27593,2,2
28698,3396,3397,27380,27891,2,2
28699,3398,3399,27400,27928,2,2
28700,3400,3401,27375,27915,2,2
28701,3402,3403,27203,27603,2,2
28702,3404,3405,27434,27714,2,2
28703,3406,3407,27111,27947,2,2
28704,3408,3409,27241,27943,2,2
28705,3410,3411,27118,27725,2,2
28706,3412,3413,27374,27952,2,2
28707,3414,3415,27229,27931,2,2
28708,3416,3417,27250,27708,2,2
28709,3418,3419,27255,27925,2,2
28710,3420,3421,27347,27716,2,2
28711,3422,3423,27233,27873,2,2
28712,3424,3425,27447,27864,2,2
28713,3426,3427,27484,27926,2,2
28714,3428,3429,27490,27723,2,2
28715,3430,3431,27191,27606,2,2
28716,3432,3433,27261,27816,2,2
28717,3434,3435,27100,27757,2,2
28718,3436,3437,27538,27667,2,2
28719,3438,3439,27103,27558,2,2
28720,3440,3441,27335,27923,2,2
28721,3442,3443,27181,27601,2,2
28722,3444,3445,27218,27932,2,2
28723,3446,3447,27265,27625,2,2
28724,3448,3449,27452,27914,2,2
28725,3450,3451,27282,27606,2,2
28726,3452,3453,27477,27967,2,2
28727,3454,3455,27167,27854,2,2
28728,3456,3457,27259,27762,2,2
28729,3458,3459,27113,27869,2,2
28730,3460,3461,27163,27932,2,2
28731,3462,3463,27298,27887,2,2
28732,3464,3465,27544,27869,2,2
28733,3466,3467,27511,27562,2,2
28734,3468,3469,27292,27781,2,2
28735,3470,3471,27128,27906,2,2
28736,3472,3473,27142,27840,2,2
28737,3474,3475,27370,27834,2,2
28738,3476,3477,27188,27986,2,2
28739,3478,3479,27200,27807,2,2
28740,3480,3481,27372,27624,2,2
28741,3482,3483,27109,27754,2,2
28742,3484,3485,27521,27610,2,2
28743,3486,3487,27365,27692,2,2
28744,3488,3489,27167,27780,2,2
28745,3490,3491,27321,27740,2,2
28746,3492,3493,27420,27750,2,2
28747,3494,3495,27470,27846,2,2
28748,3496,3497,27345,27656,2,2
28749,3498,3499,27201,27752,2,2
28750,3500,3501,27343,27683,2,2
28751,3502,3503,27276,27671,2,2
28752,3504,3505,27279,27719,2,2
28753,3506,3507,27307,27968,2,2
28754,3508,3509,27479,27691,2,2
28755,3510,3511,27330,27959,2,2
28756,3512,3513,27222,27657,2,2
28757,3514,3515,27503,27932,2,2
28758,3516,3517,27252,27840,2,2
28759,3518,3519,27358,27748,2,2
28760,3520,3521,27307,27848,2,2
28761,3522,3523,27387,27900,2,2
28762,3524,3525,27295,27808,2,2
28763,3526,3527,27494,27587,2,2
28764,3528,3529,27495,27734,2,2
28765,3530,3531,27504,27771,2,2
28766,3532,3533,27298,27956,2,2
28767,3534,3535,27171,27761,2,2
28768,3536,3537,27330,27734,2,2
28769,3538,3539,27426,27931,2,2
28770,3540,3541,27157,27956,2,2
28771,3542,3543,27290,27645,2,2
28772,3544,3545,27334,27817,2,2
28773,3546,3547,27549,27864,2,2
28774,3548,3549,27460,27637,2,2
28775,3550,3551,27288,27622,2,2
28776,3552,3553,27310,27865,2,2
28777,3554,3555,27272,27904,2,2
28778,3556,3557,27323,27844,2,2
28779,3558,3559,27163,27600,2,2
28780,3560,3561,27289,27887,2,2
28781,3562,3563,27542,27935,2,2
28782,3564,3565,27489,27935,2,2
28783,3566,3567,27533,27947,2,2
28784,3568,3569,27325,27831,2,2
28785,3570,3571,27534,27813,2,2
28786,3572,3573,27313,27740,2,2
28787,3574,3575,27463,27779,2,2
28788,3576,3577,27224,27763,2,2
28789,3578,3579,27404,27788,2,2
28790,3580,3581,27346,27804,2,2
28791,3582,3583,27419,27699,2,2
28792,3584,3585,27317,27855,2,2
28793,3586,3587,27321,27973,2,2
28794,3588,3589,27469,27953,2,2
28795,3590,3591,27508,27666,2,2
28796,3592,3593,27104,27986,2,2
28797,3594,3595,27257,27791,2,2
28798,3596,3597,27237,27599,2,2
28799,3598,3599,27439,27933,2,2
28800,3600,3601,27392,27572,2,2
28801,3602,3603,27324,27550,2,2
28802,3604,3605,27290,27897,2,2
28803,3606,3607,27167,27731,2,2
28804,3608,3609,27538,27722,2,2
28805,3610,3611,27514,27816,2,2
28806,3612,3613,27416,27789,2,2
28807,3614,3615,27494,27720,2,2
28808,3616,3617,27486,27699,2,2
28809,3618,3619,27433,27861,2,2
28810,3620,3621,27133,27851,2,2
28811,3622,3623,27393,27779,2,2
28812,3624,3625,27506,27811,2,2
28813,3626,3627,27286,27842,2,2
28814,3628,3629,27293,27725,2,2
28815,3630,3631,27273,27954,2,2
28816,3632,3633,27508,27956,2,2
28817,3634,3635,27325,27975,2,2
28818,3636,3637,27403,27735,2,2
28819,3638,3639,27122,27701,2,2
28820,3640,3641,27145,27674,2,2
28821,3642,3643,27276,27914,2,2
28822,3644,3645,27179,27922,2,2
28823,3646,3647,27364,27788,2,2
28824,3648,3649,27240,27814,2,2
28825,3650,3651,27348,27844,2,2
28826,3652,3653,27281,27723,2,2
28827,3654,3655,27296,27703,2,2
28828,3656,3657,27389,27645,2,2
28829,3658,3659,27494,27803,2,2
28830,3660,3661,27108,27897,2,2
28831,3662,3663,27224,27691,2,2
28832,3664,3665,27333,27817,2,2
28833,3666,3667,27166,27695,2,2
28834,3668,3669,27287,27601,2,2
28835,3670,3671,27156,27953,2,2
28836,3672,3673,27491,27614,2,2
28837,3674,3675,27312,27756,2,2
28838,3676,3677,27197,27915,2,2
28839,3678,3679,27190,27830,2,2
28840,3680,3681,27132,27620,2,2
28841,3682,3683,27356,27627,2,2
28842,3684,3685,27311,27813,2,2
28843,3686,3687,27151,27940,2,2
28844,3688,3689,27335,27560,2,2
28845,3690,3691,27374,27704,2,2
28846,3692,3693,27485,27750,2,2
28847,3694,3695,27126,27807,2,2
28848,3696,3697,27379,27624,2,2
28849,3698,3699,27446,27839,2,2
28850,3700,3701,27334,27862,2,2
28851,3702,3703,27158,27980,2,2
28852,3704,3705,27409,27659,2,2
28853,3706,3707,27208,27591,2,2
28854,3708,3709,27545,27678,2,2
28855,3710,3711,27182,27687,2,2
28856,3712,3713,27301,27922,2,2
28857,3714,3715,27473,27950,2,2
28858,3716,3717,27267,27899,2,2
28859,3718,3719,27173,27613,2,2
28860,3720,3721,27186,27846,2,2
28861,3722,3723,27167,27652,2,2
28862,3724,3725,27359,27718,2,2
28863,3726,3727,27368,27843,2,2
28864,3728,3729,27514,27683,2,2
28865,3730,3731,27333,27736,2,2
28866,3732,3733,27328,27790,2,2
28867,3734,3735,27501,27687,2,2
28868,3736,3737,27283,27806,2,2
28869,3738,3739,27366,27912,2,2
28870,3740,3741,27446,27709,2,2
28871,3742,3743,27160,27774,2,2
28872,3744,3745,27359,27944,2,2
28873,3746,3747,27381,27988,2,2
28874,3748,3749,27273,27858,2,2
28875,3750,3751,27236,27663,2,2
28876,3752,3753,27195,27859,2,2
28877,3754,3755,27255,27627,2,2
28878,3756,3757,27416,27983,2,2
28879,3758,3759,27511,27707,2,2
28880,3760,3761,27236,27616,2,2
28881,3762,3763,27327,27725,2,2
28882,3764,3765,27395,27573,2,2
28883,3766,3767,27194,27606,2,2
28884,3768,3769,27114,27781,2,2
28885,3770,3771,27178,27780,2,2
28886,3772,3773,27499,27633,2,2
28887,3774,3775,27390,27681,2,2
28888,3776,3777,27370,27934,2,2
28889,3778,3779,27520,27993,2,2
28890,3780,3781,27253,27870,2,2
28891,3782,3783,27452,27783,2,2
28892,3784,3785,27278,27563,2,2
28893,3786,3787,27413,27936,2,2
28894,3788,3789,27474,27632,2,2
28895,3790,3791,27367,27628,2,2
28896,3792,3793,27105,27789,2,2
28897,3794,3795,27281,27560,2,2
28898,3796,3797,27199,27877,2,2
28899,3798,3799,27239,27670,2,2
28900,3800,3801,27378,27839,2,2
28901,3802,3803,27305,27890,2,2
28902,3804,3805,27333,27627,2,2
28903,3806,3807,27476,27671,2,2
28904,3808,3809,27485,27585,2,2
28905,3810,3811,27507,27676,2,2
28906,3812,3813,27523,27568,2,2
28907,3814,3815,27128,27976,2,2
28908,3816,3817,27170,27977,2,2
28909,3818,3819,27126,27679,2,2
28910,3820,3821,27365,27835,2,2
28911,3822,3823,27481,27679,2,2
28912,3824,3825,27160,27936,2,2
28913,3826,3827,27253,27926,2,2
28914,3828,3829,27197,27687,2,2
28915,3830,3831,27334,27736,2,2
28916,3832,3833,27275,27789,2,2
28917,3834,3835,27162,27735,2,2
28918,3836,3837,27286,27576,2,2
28919,3838,3839,27450,27812,2,2
28920,3840,3841,27395,27866,2,2
28921,3842,3843,27406,27696,2,2
28922,3844,3845,27523,27627,2,2
28923,3846,3847,27134,27753,2,2
28924,3848,3849,27438,27581,2,2
28925,3850,3851,27418,27605,2,2
28926,3852,3853,27240,27773,2,2
28927,3854,3855,27220,27881,2,2
28928,3856,3857,27303,27727,2,2
28929,3858,3859,27381,27952,2,2
28930,3860,3861,27449,27998,2,2
28931,3862,3863,27135,27995,2,2
28932,3864,3865,27395,27965,2,2
28933,3866,3867,27194,27739,2,2
28934,3868,3869,27421,27660,2,2
28935,3870,3871,27458,27687,2,2
28936,3872,3873,27150,27797,2,2
28937,3874,3875,27439,27572,2,2
28938,3876,3877,27269,27949,2,2
28939,3878,3879,27243,27717,2,2
28940,3880,3881,27207,27699,2,2
28941,3882,3883,27471,27848,2,2
28942,3884,3885,27482,27887,2,2
28943,3886,3887,27361,27936,2,2
28944,3888,3889,27426,27909,2,2
28945,3890,3891,27317,27819,2,2
28946,3892,3893,27516,27640,2,2
28947,3894,3895,27419,27788,2,2
28948,3896,3897,27291,27560,2,2
28949,3898,3899,27204,27801,2,2
28950,3900,3901,27375,27670,2,2
28951,3902,3903,27407,27560,2,2
28952,3904,3905,27151,27625,2,2
28953,3906,3907,27177,27844,2,2
28954,3908,3909,27436,27872,2,2
28955,3910,3911,27265,27550,2,2
28956,3912,3913,27134,27670,2,2
28957,3914,3915,27155,27951,2,2
28958,3916,3917,27304,27931,2,2
28959,3918,3919,27418,27775,2,2
28960,3920,3921,27389,27679,2,2
28961,3922,3923,27521,27672,2,2
28962,3924,3925,27256,27877,2,2
28963,3926,3927,27167,27777,2,2
28964,3928,3929,27151,27887,2,2
28965,3930,3931,27540,27584,2,2
28966,3932,3933,27354,27989,2,2
28967,3934,3935,27474,27855,2,2
28968,3936,3937,27184,27748,2,2
28969,3938,3939,27538,27859,2,2
28970,3940,3941,27101,27725,2,2
28971,3942,3943,27140,27782,2,2
28972,3944,3945,27126,27750,2,2
28973,3946,3947,27172,27854,2,2
28974,3948,3949,27173,27931,2,2
28975,3950,3951,27538,27759,2,2
28976,3952,3953,27288,27809,2,2
28977,3954,3955,27509,27806,2,2
28978,3956,3957,27154,27631,2,2
28979,3958,3959,27181,27623,2,2
28980,3960,3961,27307,27994,2,2
28981,3962,3963,27248,27718,2,2
28982,3964,3965,27185,27832,2,2
28983,3966,3967,27101,27851,2,2
28984,3968,3969,27143,27736,2,2
28985,3970,3971,27371,27965,2,2
28986,3972,3973,27430,27917,2,2
28987,3974,3975,27314,27635,2,2
28988,3976,3977,27210,27941,2,2
28989,3978,3979,27200,27766,2,2
28990,3980,3981,27216,27676,2,2
28991,3982,3983,27214,27682,2,2
28992,3984,3985,27150,27824,2,2
28993,3986,3987,27425,27558,2,2
28994,3988,3989,27113,27703,2,2
28995,3990,3991,27327,27703,2,2
28996,3992,3993,27426,27968,2,2
28997,3994,3995,27328,27906,2,2
28998,3996,3997,27294,27634,2,2
28999,3998,3999,27215,27732,2,2
