chrom_f,pos,A,B
omy01,5604542,0.9999004353089522,0.040029400828120024
omy01,15520536,0.5016007228662845,0.0030878247662851264
omy01,16635910,0.4927329957561714,0.3674772243781919
omy01,17490399,0.9316089025631766,0.003291020147737276
omy01,17490429,0.06572457270267565,0.0023870988631816584
omy01,18387369,5.215335118079681e-4,0.3234951200993973
omy01,19367962,0.39195216926448134,0.001087407719686684
omy01,23890205,0.17683246458880303,0.005342847347853578
omy01,25282538,0.2689578739248293,0.0018613586322031935
omy01,29189531,0.5661082022261004,0.002401690246407455
omy01,29189676,0.9857950345030612,0.007048011816260942
omy01,29189735,0.9850573451992395,0.0024459095245266877
omy01,29584661,0.07683201269714357,0.004207231720998127
omy01,34031584,0.001095622466231793,0.45424984856178685
omy01,41570731,0.49127548964865947,0.0010780718120301503
omy01,41674952,1.0590882696091694e-4,0.09251995886754054
omy01,43294306,1.0646414118777729e-4,0.011316625921396439
omy01,45677826,0.9989572652467654,0.06677047484654976
omy01,46779798,7.626566599850312e-4,0.49330714272987763
omy01,47876008,0.0014068259919871127,0.3951351397498795
omy01,49705789,0.4631335944756185,0.0014174538960886349
omy01,49891272,0.09909927857617577,0.00493504197308467
omy01,58297368,2.890614423584746e-4,0.6356354206815885
omy01,58541112,0.8996507266722612,0.011999540599945653
omy01,62149269,1.0127774632167215e-4,0.6545531030488332
omy01,63492913,6.122477728648325e-4,0.026748419931196424
omy01,64660620,0.9993081477893818,0.4837247017316434
omy01,68280764,0.4290731680432914,0.0013067771657505828
omy01,68280794,0.5661502572206027,0.002999178546185743
omy01,68280853,0.9932367230951579,0.5424558032785118
omy01,68593616,0.4968160434961752,0.0012175692644230888
omy01,69252885,3.083111930405894e-4,0.18705637022042998
omy01,69627069,5.789825403813462e-4,0.034775822311996656
omy01,70051513,0.6936555494556277,0.0011459666952939554
omy01,70154589,0.7819054407987093,8.538166525426396e-4
omy01,71000587,1.0599159835176048e-4,0.05508667629368203
omy01,71514660,1.0302422055831577e-4,0.06571944399631076
omy01,71613822,0.9997025160606433,0.03019877945391159
omy01,71613861,0.9978757793705182,0.027333165016181216
omy01,73580254,0.5668013261071049,0.0012998478969504339
omy01,73893953,0.731819974543124,0.0046107128500040805
omy01,74749491,0.09597675407397334,0.0020292896894936164
omy01,74749503,1.0628670518607046e-4,0.07460952030757155
omy02,11717268,0.13211147164125192,0.0013611188131058467
omy02,11717461,0.7957854064437345,0.018351495815354574
omy02,14500993,1.1511208855636297e-4,0.09699219520987351
omy02,14501018,0.3090157236494416,0.004866687609071084
omy02,16118624,0.4897025561212849,0.003156799554910204
omy02,16118680,0.4903877938272269,0.0030987228147480797
omy02,16118690,0.49096704284500564,0.0030939360961988824
omy02,16118693,0.5236214433855398,0.0036902685584518356
omy02,17752188,0.6194842625940917,0.003265149088713502
omy02,18514330,0.7046600680514965,0.007080487573681086
omy02,23916165,0.10017622196524836,0.0990507604587765
omy02,25718294,0.6848582073842601,0.007841797725146852
omy02,33395215,0.05629321760223354,0.026425955621380434
omy02,33395364,0.9943307295073892,0.11536419079956994
omy02,41283582,0.9770122604673395,0.009776887630138453
omy02,41421853,0.6054104505086157,0.0011014352799914278
omy02,42698693,0.0018995369089643724,0.656875766096102
omy02,43236071,9.633700182911953e-4,0.17235118484563966
omy02,43646488,7.524970227196715e-4,0.6038006997701583
omy02,48975654,0.9245063428561221,0.004701631528596238
omy02,56469649,3.1479958603321365e-4,0.43618414996968724
omy02,58317814,0.9348884357741002,0.06240614454497152
omy02,60505231,0.9467058615694781,0.004707232230090758
omy02,65269662,0.7724211353541206,7.891339807843111e-4
omy02,66675195,1.1487892278313882e-4,0.040419123309915594
omy02,68716546,0.05879835772208849,0.003444625952835005
omy02,73958850,0.8711780356629979,0.006254968465764611
omy02,82320545,0.9727515012703328,0.28931834664699485
omy03,24324900,0.02380270410247407,0.010522379771383527
omy03,24324941,0.06455444265463992,0.010413189347230293
omy03,26554359,0.04095138716851181,0.0017856489606759875
omy03,28532155,0.9956649520826798,0.01761492628000778
omy03,32690563,0.9176631680819377,0.027138387083208284
omy03,46741655,1.0487062465394214e-4,0.061074089937161964
omy03,56160454,1.0535810620614276e-4,0.3212278850009462
omy03,58742245,0.02902447253449875,0.2602064053977931
omy03,63823874,0.9994601826151718,0.9098648883071616
omy03,63824015,0.5594785912510903,0.0010582998060613617
omy03,64080739,0.9997077239301705,0.052393226324530834
omy03,64489163,0.18924234394425304,0.0030093616304176277
omy03,69537811,0.99903198115302,0.782262629426485
omy04,17622131,0.9998912454693166,0.5664067325364474
omy04,21140920,0.003202445546972561,0.5468558961327229
omy04,22995549,1.8231597497100034e-4,0.2666313188023798
omy04,26121192,0.8914495519583951,0.00657765541376955
omy04,27426756,0.9995300512027494,0.025009803566831884
omy04,33198267,0.33283262473539893,0.4783458149440973
omy04,33198307,0.329945158963419,0.7120057338702748
omy04,33198310,0.3283599921063444,0.723495693039612
omy04,33198355,0.3362031714063998,0.718496597246731
omy04,37481148,0.9959568684052836,0.01200175883564414
omy04,38687014,0.9956462945801929,0.018209222147559913
omy04,38721304,0.9960969982754362,0.014791788557249856
omy04,39900114,0.9956758252374875,0.02144976649744455
omy04,41148876,0.9898026576682404,0.0031433735999478285
omy04,41824107,0.9892628204162256,0.0020674347994596096
omy04,42068509,0.989324987528111,0.008615691071160671
omy04,45901293,0.9895796357142526,0.004566466040876885
omy04,45901371,0.9879748358221369,0.005129488315950129
omy04,51095945,1.0394520905634942e-4,0.010822689608066847
omy04,55635388,0.001589226925491192,0.27945996764583203
omy04,55736025,0.9988584242121914,0.029745550138345282
omy04,56392589,0.6236503321853926,0.0010172865981323324
omy04,56482687,0.0013801650908362396,0.26784356228633477
omy04,56580675,1.1415347978287928e-4,0.019261462453952154
omy04,56728141,7.769019664062225e-4,0.5052002908076592
omy04,60830367,0.99960335267658,0.010724996058675915
omy04,66322077,0.16955160290489527,0.003105131578683249
omy04,68498267,0.9762426796395286,0.0026147023382884025
omy04,75005378,6.554959305001116e-4,0.018500666032181798
omy05,27698433,0.9998963430075934,0.2093729980613917
omy05,31831108,0.6221054998535813,0.002983774394321376
omy05,32876831,0.9967654894351062,0.030286432838834938
omy05,33080508,1.1223163148485746e-4,0.2699350660715607
omy05,33080515,0.31383626748524723,0.00213363606176433
omy05,33423522,1.0541166179017175e-4,0.2690733220979221
omy05,33423565,0.08476207064228865,0.004532211648759957
omy05,34759063,0.9994367667966677,0.2808986967481684
omy05,36248877,0.4856859788256758,0.0012623753630970338
omy05,39260778,0.9996939657650944,0.16919901703545628
omy05,42648349,1.589101446265699e-4,0.05826443296976212
omy05,45735028,0.9990983624166772,0.3168859269562069
omy05,51655747,0.8254204005651428,0.0035697237959583013
omy05,52808413,0.4000075845610894,0.004628068213255472
omy05,52808416,0.3998806856806862,0.004743973775403311
omy05,54530395,0.976119127306493,0.001826353198494841
omy05,56445392,0.5374025293994515,9.612684952384105e-4
omy05,56664649,0.49000028547608493,0.0010287706525989651
omy05,56664777,0.32284584626491514,0.0017307953599300678
omy05,60143127,0.9993546441935104,0.3622636006796335
omy05,61391668,0.38395310529310983,0.0012001502539679047
omy05,61574182,0.9994933954817735,0.31054133911542336
omy05,61628129,0.6055433967268282,8.659005869211614e-4
omy05,62211047,0.31573572270226646,0.0014566137686458944
omy05,62211066,0.2548550675257392,0.005450184536294613
omy05,62211104,7.131532453114684e-4,0.6001176642688547
omy05,64374716,7.154753037710633e-4,0.2174059189497416
omy05,64867381,0.2785061181893145,0.0037385791467435575
omy05,64867490,5.45206131610652e-4,0.3385767896860933
omy05,64878384,0.2641125032460431,0.0016213950405600944
omy05,65225491,0.0018519148490397435,0.29260178913699264
omy05,67895991,3.310642566809193e-4,0.29595097374715756
omy05,70723512,1.1827794749841727e-4,0.04066160293278787
omy05,71153777,0.9983990374974845,0.5187114028919503
omy06,8340882,0.21400224799957784,0.002724657183804361
omy06,15517348,0.09936053593367587,0.0018849946829989307
omy06,18883075,0.9994599636508863,0.6122015306849399
omy06,18921158,0.9758605164710487,0.017312115789853224
omy06,22190320,0.08752184849543462,0.004571605350827674
omy06,23138408,1.1671711247269309e-4,0.07928096382604592
omy06,24817146,3.1163606018067843e-4,0.11494641220536396
omy06,26581650,0.9181694662923611,0.9987943298986186
omy06,27525112,0.9281970020295008,0.002103767556525896
omy06,32588176,7.41304321123163e-4,0.3645459553071888
omy06,35261851,1.052732613852528e-4,0.16473075315959895
omy06,36398191,0.6454491314188754,0.007099394448244886
omy06,36892950,0.001569147848440715,0.09793559255227205
omy06,38463282,0.1499510720835519,0.0063861288820884045
omy06,39901677,0.9985339467850888,0.013698128315017079
omy06,47633830,0.9570884371258725,0.0020181882720110046
omy06,48465495,0.8065716923506854,0.002323079815960734
omy06,49016321,0.012726675701840858,0.0019280857562900772
omy06,51720644,0.3576053676578436,0.0057371351067905235
omy06,53329105,0.02697137849571596,0.9120266201897343
omy06,54142169,0.28472237451210497,0.003942824108661572
omy07,17341426,5.429273246039967e-4,0.8455319541422072
omy07,17524972,0.2433832618269024,0.0022844844801422418
omy07,21309325,0.9819892380572536,0.0968685596740935
omy07,30111228,0.05233554903784756,0.020407313916351377
omy07,30111313,0.05115430699214791,0.011949996379035393
omy07,30193825,0.05229361936182208,0.03005011525431948
omy07,30194004,0.051525374242100776,0.010954522658578058
omy07,34198640,0.3444495691991474,0.01973851692079114
omy07,34212531,1.504106301813877e-4,0.124679525487114
omy07,34643963,1.0165037321096675e-4,0.41608786705414064
omy07,35322379,5.573289327260004e-4,0.0184818310515248
omy07,37819586,1.0892256528584764e-4,0.051207343064154
omy07,38391676,5.362055311837696e-4,0.11373710017480793
omy07,40527070,1.2907107799569446e-4,0.027893332131815454
omy07,41138377,0.9988310645202624,0.7196016785185867
omy07,43793456,0.1565603691767915,0.022959489556617564
omy07,50989697,3.168511008017812e-4,0.4485012517720242
omy07,50989806,1.2627997263778116e-4,0.012863875310249795
omy07,52717425,0.014318293568958845,0.01513735425070369
omy07,58549241,2.4517735369373886e-4,0.151311136707498
omy07,58733667,0.9816481855894921,0.0034267180166782747
omy08,12557988,1.2500232373537302e-4,0.04307915483430428
omy08,12737230,5.242485643744023e-4,0.10658553454886269
omy08,13949334,0.6677014567360041,0.015559941115854087
omy08,14496895,1.2455218281144518e-4,0.34499709003748713
omy08,14917935,0.002549929403665653,0.9762461387237656
omy08,17254444,1.0327537345775862e-4,0.3367241425275044
omy08,18816115,0.9996941127468312,0.8179064915540093
omy08,22787864,0.7846976726171565,0.0013402625585007954
omy08,22982072,0.007908243796347506,0.015903480074648254
omy08,22982227,0.989646592268444,0.15795786594569508
omy08,28318438,0.6436478869579799,0.0029589049537757863
omy08,29366910,3.895686214513094e-4,0.1550214973954714
omy08,38299690,1.84834841483097e-4,0.08999988084208224
omy08,39900485,0.10448190486460004,0.003777385150203451
omy08,41663365,0.9978343960342498,0.07576534326032398
omy08,42821642,1.5454363335416256e-4,0.021924382514326858
omy08,42926521,1.0167580621476262e-4,0.14347294927950371
omy08,45235374,0.9983384988149145,0.2392057797578721
omy08,45542869,0.9974655912894396,0.09200569540195858
omy08,46172746,0.9999060062939574,0.06840191552983657
omy08,46172797,0.9997172880129157,0.17822804738482015
omy08,52003571,0.5288584969066157,0.004321961161783059
omy08,54008711,0.7684304237194428,0.04431911048289011
omy08,56095141,0.3639317388007209,0.004837074655036835
omy08,66452511,0.4739314255951094,0.004968302948736829
omy09,28598485,0.020316479108686267,0.0014711878418455513
omy09,32126374,0.5432483842189544,0.005499948883846873
omy09,32205973,4.0362672234881035e-4,0.11408345564363427
omy09,33592954,0.9998862305051734,0.9118936651839252
omy09,33592990,0.989149378017381,7.121790640582758e-4
omy09,34811350,0.8267920486605214,0.005938365374357753
omy09,35358870,0.8361099004523594,0.009833787514992694
omy09,35358947,0.9987000552165041,0.2369512897104262
omy09,37476427,0.6593525648977976,0.010121340506799163
omy09,39060242,0.5418915662081467,0.005287204951644028
omy09,39530534,0.9981707819029066,0.1736701578244365
omy09,39530567,0.44639476480427925,0.14031418647074118
omy09,41096447,0.988604442196276,5.646462688140953e-4
omy09,42728873,7.578658691156828e-4,0.3440417582881189
omy09,43089324,0.9256286863254509,0.0036633539895513808
omy09,43640235,6.062306630210849e-4,0.06778306828977945
omy09,43898758,0.5389345776579721,9.605458552304228e-4
omy09,44168715,0.570778193118925,9.651594713436831e-4
omy09,45417149,0.9998950274996885,0.7322903601280428
omy09,48204851,0.7872019916852377,7.251358404236721e-4
omy09,48359048,0.784113540646871,0.002111176890765413
omy09,48359051,0.9986756419155304,0.3448083902086864
omy09,48359206,0.4214364575275082,0.008070176484392285
omy09,48778060,0.1762470480090918,0.001229347073498482
omy09,49735124,0.9988642723749148,0.45803451810339263
omy09,49735185,2.2556884009521504e-4,0.06440465962265111
omy09,50055734,0.8078696191339985,0.003932807145975835
omy09,54381109,1.8758790897560834e-4,0.02058592393352497
omy09,55581639,0.9817382235692592,0.0016923526691264294
omy10,10179224,0.9970308922489497,0.5305089274052865
omy10,11144975,0.7537263345447776,0.02379735662687676
omy10,11572032,0.43892815194070284,0.003574077426028393
omy10,15168003,1.071171824582916e-4,0.028749906538504767
omy10,15558402,0.09917485354418244,0.0015718915684251654
omy10,18966349,0.0389387085612702,0.0031943757093955373
omy10,18966376,1.223767006836768e-4,0.10627456010585754
omy10,19034869,0.013470094563406327,0.003247566838496964
omy10,21271274,0.9996919529314721,0.583280167063481
omy10,21636959,0.9796988982432318,0.0030356809718471585
omy10,22650391,3.539451304585161e-4,0.16333988977205507
omy10,22841782,3.174153476002491e-4,0.05631951337131129
omy10,27606052,3.0503181271768833e-4,0.5464756369680952
omy10,28092276,0.49214045727342726,0.0035692698406132213
omy10,28640229,3.070754848795167e-4,0.603066585666479
omy10,29105164,0.24310330825707113,0.15462474190148717
omy10,30622211,0.28779510916210405,0.001707753771691237
omy10,31278054,1.3875232646998355e-4,0.4321698416340426
omy10,33038246,1.0727654975181287e-4,0.3118638988220398
omy10,33038325,0.998534164628251,0.09883199140322468
omy10,37318704,0.7844211887638095,0.0037634768389363856
omy10,37318811,0.5085882678646332,0.003227549075068529
omy10,42389403,0.06860702062532407,0.008557942968566217
omy10,44140445,0.29723425687954913,0.004196520208407716
omy10,45455490,0.7744122810568167,0.004803263745149226
omy10,45645990,0.8550551767921597,0.0032459038145236504
omy10,45646164,0.14839801497059285,0.006258489951740813
omy10,48498788,6.600198195907203e-4,0.9891367254150327
omy10,51341314,0.14420809785146546,0.0016472074974780498
omy10,53934741,0.08974749403431762,0.0021400117069957075
omy11,21885531,0.9984811582049785,0.5983506274603532
omy11,22125580,1.0661403410023405e-4,0.08054809359208195
omy11,22153978,0.9996811597854341,0.7807210979564442
omy11,22298560,0.05198408739788607,0.0015052698169557331
omy11,22298583,3.0617315352402235e-4,0.6883222447052253
omy11,24665630,0.7591160499412252,0.73105292910912
omy11,26343485,0.9998648847369007,0.29398857452050614
omy11,28493838,0.8141190601141999,0.0037575576932373463
omy11,28493869,4.855338200124297e-4,0.7260679840864979
omy11,31178787,3.0566622933232425e-4,0.31098921841752775
omy11,35066965,0.4919736500083173,0.0032371387598159867
omy11,36812357,0.6209593706582308,0.0012387644607083574
omy11,36812542,0.8982281169987038,0.0020847302401504606
omy11,37966493,0.4634575043759339,0.0013598155606030266
omy11,38731222,0.01535830729638267,0.002873860486262302
omy11,39803200,0.4268683829380103,0.0037200969390937017
omy11,39803286,0.9994893792504713,0.7136085831417833
omy11,43256220,0.10710960605884662,0.002006848723988464
omy11,43256261,0.12480669882921465,0.0014437878600817783
omy11,44217936,0.9688845649746871,0.0025886090880116244
omy11,44426424,0.9973249419877979,0.5120302461795729
omy11,47010384,1.0674076480400445e-4,0.0636877252429634
omy11,47378370,0.984823649849599,0.005395764367816392
omy11,47964520,1.0251315778429234e-4,0.09022625756571694
omy11,48954610,1.0939930593980142e-4,0.06854528179207807
omy11,48954644,0.6146213766554204,0.0026837694310539303
omy11,49919271,0.13647504613006037,0.002393812337931525
omy11,50624967,0.16672364287231436,0.0013623131701666876
omy11,51781061,0.4229217931267962,0.0756455800561036
omy11,51781212,1.0492967811131452e-4,0.2276455057176675
omy11,52184199,0.1534173393201169,0.0018220105976687845
omy11,52925543,0.9416702160979263,0.0019679531877286284
omy11,55281649,0.08727479797263561,0.0023057351729521805
omy11,55281928,0.035071526511097226,0.0017768556472831278
omy11,61176418,3.925586522373968e-4,0.04423927097036901
omy11,63212637,0.6957469118398865,0.0016097321722670374
omy11,63884911,0.3263920439806491,0.0022012357897203544
omy11,65463332,0.9979145491158523,0.4732214955949855
omy11,66862704,0.9997783898997334,0.055399695053309855
omy11,68303575,0.17833198802956488,0.0019505645226229713
omy11,71577055,0.6063929181760347,0.0011314275859266396
omy12,14111970,0.01339372492784765,0.0021640887760108
omy12,15693159,0.9996718201235218,0.569380416226157
omy12,16669740,1.0646463415270126e-4,0.011617989816357418
omy12,17194475,0.7623459741285209,0.011012745528312644
omy12,17655484,3.046545173967143e-4,0.5139667989331599
omy12,21242726,0.01337664460524151,0.006883364385843656
omy12,21537385,0.33524670127628753,0.009065336885995225
omy12,21658314,0.22813358525441918,0.001275944536017337
omy12,26754800,0.2346665034522133,0.024548767377880323
omy12,27444294,0.47863947127405737,0.0037407549941901974
omy12,31021493,1.1284073865407802e-4,0.028846838451871554
omy12,31021606,2.2942032827399453e-4,0.05890882276845195
omy12,33286094,0.704949610726493,0.002473748840543101
omy12,33500598,0.9419842218223962,0.019642908974436345
omy12,33500604,0.9414524909299206,0.02096640921504962
omy12,40434237,0.18652874072979483,0.0014127041532556995
omy12,40434343,0.9996694594848465,0.412644605595639
omy12,40783369,0.6587355811137724,0.0025475528495785367
omy12,40863139,0.9588109501613008,0.00941380569688238
omy12,41751220,0.9411777579349478,0.009273891487846858
omy12,42377505,0.8339273971492909,7.366515608253289e-4
omy12,42566863,0.22619302953707465,0.0036241099105812627
omy12,43457630,0.921122226435408,0.0034588339609158882
omy12,45110203,0.9775218112033379,0.0018975025152782757
omy12,48197662,0.9103185972308254,0.406415090370301
omy12,48197802,0.998978664245574,0.035413605995768274
omy12,50979014,1.0547533199111989e-4,0.4124047875785468
omy12,58499486,1.409408199330908e-4,0.15599480428601908
omy12,63074040,0.31648461368917963,0.01965394309399385
omy12,64559650,0.2889572191794003,0.0031450260149935316
omy12,64559843,0.9998309612583497,0.8665743702147114
omy12,64559859,0.9024003240490951,0.001008882895842506
omy12,64559861,0.9013042374977043,0.0015126486798785854
omy12,64559869,0.9018119842165531,0.0010037974789359708
omy13,29232575,0.8419433725246805,0.0028690672393561845
omy13,29232586,0.841555452136116,0.004792528558993669
omy13,31342206,9.95467895934085e-5,0.36889712490928467
omy14,26543725,1.1456441199165819e-4,0.5712433537812971
omy14,29532183,0.9993594214808731,0.07617956789292499
omy14,48411640,0.5280126364531443,0.008903883368163647
omy14,54220009,0.4675195165634703,0.0012824879463130105
omy14,54220059,0.47062518340673476,0.0012533527188211208
omy14,54220091,0.5203984500386855,0.0013524802072163152
omy14,54408776,0.7900697066977924,0.0031512299043138597
omy14,57291202,0.05311717936575738,0.0016062717475210633
omy14,57958740,0.9884886106879553,0.013641734489940575
omy14,61050128,0.9977117266975782,0.016392268505197226
omy14,62972767,4.762558677131892e-4,0.667274613540626
omy14,65897196,0.9997226331340524,0.058358343255375145
omy14,68774488,0.9959482233949731,0.7839415172815174
omy14,69044452,0.9996891451313173,0.5536560524490142
omy14,71126776,0.0017250139184670288,0.4654220183009987
omy14,72505763,0.8104813642262215,0.018282186538266722
omy14,72505770,0.9911345704520146,0.01588086654399359
omy14,76597805,0.012854882544826227,0.004435550533208985
omy14,76597806,0.012941494830296166,0.006970537438649077
omy15,11598632,0.24790742846449157,0.0020068403924172473
omy15,12041347,0.998804819872825,0.012656160768348738
omy15,16161576,0.999088147221715,0.417802499927106
omy15,28395546,0.61908008975283,0.0010369641699311133
omy15,31409343,0.03335921275541484,0.0015199313930486936
omy15,31409363,1.022438659894157e-4,0.04763881192830273
omy15,31719116,0.8927603489336484,0.012677235795531504
omy15,32919184,8.935348652859027e-4,0.3962685295122898
omy15,34099677,0.3612225680044854,0.0018914647903832955
omy15,38886387,4.97926510349479e-4,0.49248818722762633
omy15,44025652,0.6005175499081584,0.008015319109409537
omy15,45278465,0.16443460274724106,0.0015541166021638259
omy15,47576496,3.984069256239705e-4,0.06359501971841558
omy15,47976877,2.998777730238015e-4,0.3580606281629421
omy15,51678631,0.9452112210933633,0.6879270059180169
omy15,56087867,0.999582618715456,0.020840859160171657
omy16,11925420,0.9994558971015315,0.5398050280893829
omy16,12702508,3.3529029542613654e-4,0.10007335196971343
omy16,14442564,3.2162329803917835e-4,0.31461795335682236
omy16,14473060,0.15585482403626721,0.0070863349429051425
omy16,16035387,0.10598327092595604,0.01778225376294497
omy16,17406213,0.48551474156599417,0.0013681027999223401
omy16,19566093,0.9621567019111067,0.01391390202602173
omy16,20194287,0.04648642134620003,0.006992039137754507
omy16,20194463,0.8714302415405422,0.0012575566684566095
omy16,20194520,0.9109877148452469,0.001302659042885702
omy16,20194521,0.9110774475303058,0.0013059798497367199
omy16,21594688,0.6917796122419879,9.283824088499503e-4
omy16,23630301,0.3915616179459531,0.01140142433192179
omy16,24108384,1.1154778626245122e-4,0.056995875131250165
omy16,24520618,0.9936497571601866,0.019119102738368213
omy16,24702067,0.9892077255634698,0.0035136807057181605
omy16,39373358,0.5073048896201963,0.08219186167579137
omy16,40362474,0.8563913123108668,0.6429341494298956
omy16,42365902,0.06270986757034025,0.0020310382930465508
omy16,42365987,0.9455773509617029,0.00231070734989121
omy16,45914777,0.3269471104826086,0.006995635465733496
omy16,46950242,0.2994491586519683,0.005681236327134485
omy16,51160317,3.072251485397599e-4,0.14726648440433182
omy16,52525877,0.3727264218462136,0.005980133124846035
omy16,52525992,8.111656014875168e-4,0.045153270392767994
omy16,54308955,0.010947719357106245,0.002392590315077566
omy16,55609716,0.3881101463198241,0.0011534789221966716
omy16,57338513,0.99656624476119815,0.017290075932298712
omy16,58387220,0.9715810871487551,0.005663590624461624
omy16,58387233,4.376732911819801e-4,0.32688467959608764
omy16,62016912,0.9143545816284401,0.0012260368419862793
omy17,20668672,0.9976194901428613,0.01052888678547021
omy17,31779481,0.9995846760278637,0.8760780943304853
omy17,32380709,0.907229573550611,0.20378601251996967
omy17,32692772,0.9995433203546894,0.9535039616817658
omy17,33392655,0.9996650224726604,0.9446181763583664
omy17,34370811,0.7372618244368274,0.00777869825750596
omy17,34533885,0.0023040469979661742,0.8530770245069045
omy17,35981294,0.9103906811098947,0.011594855583434984
omy17,37347078,0.9970107741820617,0.01319101355355255
omy17,37347090,0.9972037636414869,0.013305659399497244
omy17,38264570,0.8122953229457832,0.007438611627584157
omy17,40037019,0.9977318168701593,0.446223888719299
omy17,41338454,1.0764543471610312e-4,0.07041538664621655
omy17,45102089,0.4509105797694859,0.001344785460266313
omy17,46662282,0.6824773199215349,0.0028322663274559373
omy17,46982721,0.019517201594784105,0.0073944605587318276
omy17,47617959,0.8306138326444054,0.001002433074594196
omy17,48608175,0.8051306394851668,9.114388350519404e-4
omy17,48608246,0.8039141163846517,8.977275710626306e-4
omy17,48608257,0.8046237516741711,8.991879551442597e-4
omy17,48713714,0.019257353478951172,0.0022978403396117842
omy17,50795344,0.08247692187442063,0.010087171983413882
omy17,51325071,0.10996093904003687,0.0023014793588238113
omy17,53869943,0.8958363547674305,0.041555396701290936
omy17,57379755,0.02058537494746374,6.933452701982946e-4
omy17,58994147,0.9112920118608276,0.006430341540004155
omy17,60044312,0.10376817482138405,0.004480553807094378
omy17,60281825,0.9967256687375201,0.8551870232458259
omy17,60392037,0.7709774638785803,7.480706314790935e-4
omy17,64563460,0.3403916256353886,0.00590559790200754
omy17,64965976,1.7267978816835322e-4,0.0812731857193881
omy17,66140196,0.9500797188411965,0.0012713709684295206
omy18,30673844,1.030808321600456e-4,0.3975390438467149
omy18,30857602,0.19610938598144861,0.002735927419556491
omy18,31066447,0.41852473195262374,0.007007963408983739
omy18,31066454,3.831440423132969e-4,0.06144300163800082
omy18,31656507,0.1403308265325681,0.00343812415819329
omy18,31656511,0.13795895546126488,0.0029029190348155718
omy18,33019845,0.9914412689144627,0.012168697185536584
omy18,33533934,0.6240514109969709,0.3957177008114721
omy18,33765611,0.9954382098309112,0.1386658627289706
omy18,34120976,0.001023663264941929,0.0728662211023679
omy18,35741716,0.04566961896497527,0.015176097578943651
omy18,36518975,1.0916219276956573e-4,0.06984133102476746
omy18,39530133,0.9991892403814583,0.8728527457627477
omy18,42869563,9.80627827883063e-4,0.6510342520897763
omy18,50904596,1.0501486091630612e-4,0.0462824999050846
omy19,24498608,0.9406086355622452,9.897221372526075e-4
omy19,24498650,1.6197768399040492e-4,0.08384149755536871
omy19,28362374,0.9998530852456791,0.8683464862029575
omy19,29437952,1.2198176097299388e-4,0.18440289037114638
omy19,32754679,0.10932392623546673,0.004404913398437797
omy19,32754684,0.1099145120470495,0.004396258129524375
omy19,32754785,0.8985868148096204,0.004731694401999747
omy19,32754790,0.8978848786526755,0.004735677014991935
omy19,40600215,9.282053360314768e-4,0.6468296136505779
omy19,40600257,0.15576878006495143,0.0024022112714490703
omy19,40804641,0.7810108072173322,9.290580293569862e-4
omy19,40931365,0.6736183047171811,0.0010031577569590282
omy19,41681386,0.6044925742410516,0.003779212128461524
omy19,43244626,0.4599514275949272,0.0012434613931558503
omy19,44951723,0.9845683968157727,0.0021367254242390167
omy19,44951796,1.1330134138794982e-4,0.10753867882011615
omy19,46408840,0.9998464818228059,0.8206275280794989
omy19,46514864,0.02299035410269897,0.0040135653579341105
omy19,51223292,0.1118337265916142,0.002263842502248776
omy19,51686877,0.1169626025925034,0.001929880869625766
omy20,13328406,0.04909965954671048,0.019206958372228473
omy20,15650710,0.9995000894055779,0.010354382859358075
omy20,16395422,0.017705127887626824,0.003959439491056657
omy20,26690157,0.038181818181818185,0.004273504273504274
omy20,26817391,0.9996892690485166,0.8691693756479932
omy20,27124763,0.16908257275222416,0.009704793688030051
omy20,31358089,0.9993249635207124,0.768881391866233
omy20,36119649,0.9998509005803231,0.6670830581845328
omy20,36119650,0.9998509005803231,0.6670830581845328
omy21,18918128,0.4160871867543081,0.006358385169198553
omy21,30737245,0.6343017318376541,0.0013212005917111955
omy21,30737291,0.9985707204913921,0.06962089941886501
omy21,34065147,0.8776033484321815,8.564602476386064e-4
omy21,34695861,0.0020882260785261256,0.4200858266336815
omy21,37388102,0.8319028141469483,0.00801733895127044
omy21,37856872,0.9994667777273061,0.30831902468565775
omy21,37923694,0.05382718068446353,0.002125642918967125
omy21,38897773,3.6395993480092446e-4,0.021636403602548124
omy22,6554435,1.5239881127889865e-4,0.16903070639715295
omy22,8902180,1.5313936936949546e-4,0.038455586039306364
omy22,8902182,0.0534306400830823,0.002029714969451971
omy22,10093859,0.9998919765464606,0.7690559165730816
omy22,11255839,0.9994907280456311,0.48201135887375174
omy22,11526051,2.2312380206731633e-4,0.06833310535742067
omy22,12738665,1.459828929711299e-4,0.2227001600089414
omy22,18220273,0.9797850602116442,6.280007749448604e-4
omy22,18220275,0.9797931892336772,6.279959897395836e-4
omy22,18220547,2.3919407839930867e-4,0.056260085887246146
omy22,24613555,0.9994677635201463,0.6387314297197131
omy22,26509905,0.8726112892462209,0.004856503561003079
omy22,27493573,0.9976438417475462,0.48658909766536046
omy22,28526199,5.58906356233621e-4,0.11160883624499188
omy22,30289679,0.9803333939541519,0.022993328217167815
omy22,36356874,0.9395840698200523,0.005130595878862886
omy22,37159387,3.9238386824773114e-4,0.1787134705371661
omy23,4677603,0.543196992940572,0.0011814182203650264
omy23,6220561,4.3077869558390264e-4,0.024709436958497224
omy23,6890390,0.9993800130800268,0.0132347921865468
omy23,7561008,0.9992892756110969,0.4321353774781993
omy23,8203979,8.702274986821931e-4,0.810400773772115
omy23,8204000,0.9186331977725425,9.254435583572247e-4
omy23,8767979,0.9996953627529611,0.7488938276292268
omy23,8959762,3.1976575442382204e-4,0.0741008796985178
omy23,9083219,0.9386910913547929,0.002106657598678165
omy23,9083246,0.9329313978137412,0.00278698856705972
omy23,9083291,0.5602275386887922,0.003923095609514688
omy23,11528580,0.9201809882838654,0.033160169434846676
omy23,12496036,0.9732103268666423,6.767225566673426e-4
omy23,15367746,0.0010584287768658914,0.49076914842878966
omy23,15497170,0.2690627368256918,0.0014801500437434001
omy23,15497356,0.2703945560452115,0.004324610933438162
omy23,18697635,0.2255011881679751,0.0019870701279313895
omy23,20441743,0.9988313237062464,0.20468780006337556
omy23,21118269,0.06605977146408036,0.004274588041047762
omy23,22766909,0.9992350900604444,0.1885223265931002
omy23,24757427,1.0700070678022659e-4,0.03977478250911759
omy24,4212190,0.9988766246104759,0.2968542978840997
omy24,5419757,1.118785650360837e-4,0.01771338195993855
omy24,10703693,0.7163440398588283,0.00304164418932316
omy24,10871810,0.48668310116598235,0.0014084102692382635
omy24,14816721,1.6749583362891536e-4,0.10723596415100663
omy24,17232490,0.0013291762783169292,0.6247868968839525
omy24,22234219,0.35928631039561304,0.0022067542994622896
omy24,22474361,0.19876671231411425,0.0015334025284890918
omy24,22758726,0.5969112009291232,0.004966628617692118
omy24,23440709,0.3715254225264042,0.0013444849275110787
omy24,25931801,0.6614038796037716,9.13611044892496e-4
omy24,29636976,0.5402908929628206,0.0011463623087097897
omy24,30361250,0.9985426640836629,0.051781673609716666
omy25,16823070,0.3749735316133411,0.001291322183468159
omy25,20123540,0.9176570286971298,8.516984962954158e-4
omy25,20981378,0.9569685246880552,7.630150456519173e-4
omy25,20981390,0.4824219675801951,0.0011619173587955405
omy25,23062296,1.0432282310078345e-4,0.06545333107778897
omy25,25597419,0.8989649168361974,0.01053563850025245
omy25,28588212,0.18593537187916734,0.002672737156897654
omy25,28588246,0.9995232802887847,0.39095375123118775
omy25,28739395,0.5677193478267392,0.037293331315636745
omy25,28942581,0.5836717969949827,0.0036476986282153764
omy25,29255363,0.015704297353908447,0.0015601876143316554
omy25,30160893,0.8599908382017185,8.039273067446129e-4
omy25,36291741,0.20214481864128458,0.002183342074785258
omy25,43955116,0.14815766740602512,0.0027042926665708953
omy25,46373237,1.1318924558955208e-4,0.027509074995614294
omy25,47127517,0.9033959842806712,0.009533762752326772
omy25,48317231,0.9906116131347474,0.012889905247309518
omy25,48425764,0.45973349290398624,0.016437394804890884
omy25,49061359,0.783517865501079,0.003920846570775287
omy25,57561502,1.0381267461634013e-4,0.40499458621197004
omy25,57561516,0.0933290125349678,0.08320304979657106
omy25,59361950,0.27594789149099685,0.004850570261701074
omy25,60068329,0.9995147549544902,0.22716573198295034
omy25,60806967,5.354404709569439e-4,0.5144945682987739
omy25,61917322,0.8095064404348298,0.08211436711059288
omy25,64073846,0.9994018390057872,0.8803803119353872
omy25,64763310,0.9036931226224847,0.00197314619920377
omy26,2981226,6.959299719453785e-4,0.45506550756325964
omy26,6896737,0.17037800404766076,0.0018287611386993276
omy26,8597188,1.1438217516732184e-4,0.07633403789732282
omy26,8733967,0.029390160122247593,0.0017266843923203516
omy26,12032529,2.154929682466047e-4,0.19883465546243215
omy26,12032660,0.9988102437830872,0.22036448282542373
omy26,13713756,1.0721936191582622e-4,0.04183259753308167
omy26,14706162,0.5055693167179411,0.0033329175253124866
omy26,14706163,0.5058490110486096,0.003322805330629997
omy26,15860120,0.9976358566755574,0.36609984113656147
omy26,16338608,3.596707183826421e-4,0.12414952652443252
omy26,19660262,0.9297771401449919,0.006285162038116475
omy26,26178565,0.9998247286239996,0.6964794762537297
omy27,7764626,0.9998950665420099,0.8444991385321617
omy27,8631054,0.9555347509675952,6.949894229819556e-4
omy27,9196465,0.9453166652647456,0.007560867791835144
omy27,9196556,0.9436554677963366,0.0037408007930453163
omy27,14863680,0.9835296815078928,0.0015425227771796667
omy27,17501549,0.99969051580732,0.9338967484029937
omy27,20795029,0.8970834966380521,0.0022811840736546786
omy27,21459885,0.9999005757584476,0.6117105128466266
omy27,22415637,1.0493407801961949e-4,0.37745047130490417
omy27,22990964,0.8724415770346193,0.0029584144078605014
omy27,22991000,6.195963649077673e-4,0.14667206058189464
omy27,25181746,0.27753813089899787,0.0012986458333985366
omy27,27623736,0.8923185341961128,0.0075306202913757074
omy27,33012644,0.49654754907533016,0.01629707821908985
omy27,35424236,0.9877602121582593,0.028091025159220656
omy28,11384665,0.9525813258678515,7.154590480490351e-4
omy28,11667649,0.6293534835990923,0.005030304499814584
omy28,11667800,0.31754490878908237,0.0011274827874199703
omy28,15033169,0.010954517811305818,7.226628297095795e-4
omy28,15780042,0.6684389557590237,0.0027466029085533084
omy28,19095365,4.975954075162261e-4,0.35557670153721116
omy28,20369184,0.6552896503298852,0.0011150853159295293
omy28,23223806,0.8572103738786714,0.003581432079415766
omy28,24907723,0.011997998711539878,0.0013784772657212828
omy28,25298544,0.9985250052572745,0.4350071582319024
omy28,26281213,0.9985725685274907,0.09068902542358741
omy28,29764114,0.08880943687959517,0.007843419862934634
omy28,30251669,0.38348136479533634,0.00263560015640913
omy29,17149207,0.7465007199965106,0.0010464196010642353
omy29,21732646,0.21687823691927166,0.6116678225238013
omy29,25504412,0.9913700497950637,0.034427060718095585
omy29,25758344,0.26630011311061796,0.05412422273088712
omy29,28493023,0.7815674171602041,8.298458690959876e-4
omy29,28493048,0.7823247397466306,8.288775876160456e-4
omy29,29222912,0.6699012550815909,0.0011361815703241852
